08/03/2024;0:01:22;1.44;96.00;11.53;300;12.87;301;-58;Ok
08/03/2024;0:03:12;1.50;96.20;12.44;300;12.87;298;-58;Ok
08/03/2024;0:04:21;1.50;96.30;10.86;299;11.27;297;-58;Ok
08/03/2024;0:05:57;1.47;96.10;11.27;297;11.27;298;-58;Ok
08/03/2024;0:07:47;1.56;96.40;11.67;297;12.87;297;-57;Ok
08/03/2024;0:09:40;1.56;96.40;11.27;309;11.27;312;-57;Ok
08/03/2024;0:11:27;1.56;96.30;11.91;309;12.87;305;-57;Ok
08/03/2024;0:13:17;1.56;96.30;15.29;315;16.09;313;-57;Ok
08/03/2024;0:15:07;1.56;96.30;13.41;313;14.48;313;-57;Ok
08/03/2024;0:16:57;1.50;96.30;16.97;315;17.70;317;-57;Ok
08/03/2024;0:19:42;1.39;96.10;17.81;316;19.31;320;-57;Ok
08/03/2024;0:21:35;1.39;96.10;20.12;317;20.92;318;-57;Ok
08/03/2024;0:23:22;1.33;96.10;20.56;316;22.53;317;-57;Ok
08/03/2024;0:25:12;1.28;96.10;20.65;317;20.92;320;-57;Ok
08/03/2024;0:27:57;1.31;96.30;20.48;311;22.53;317;-57;Ok
08/03/2024;0:30:53;1.33;96.30;21.02;311;22.53;310;-57;Ok
08/03/2024;0:32:32;1.28;96.30;22.13;319;24.14;318;-57;Ok
08/03/2024;0:35:17;1.17;96.30;22.33;313;24.14;317;-57;Ok
08/03/2024;0:37:07;1.17;96.40;21.99;309;24.14;305;-57;Ok
08/03/2024;0:38:57;1.19;96.50;21.42;308;24.14;308;-58;Ok
08/03/2024;0:40:47;1.22;96.50;19.90;306;22.53;310;-57;Ok
08/03/2024;0:43:32;1.22;96.50;21.42;308;24.14;312;-57;Ok
08/03/2024;0:45:22;1.17;96.50;20.92;305;24.14;309;-57;Ok
08/03/2024;0:47:15;1.06;96.20;22.53;303;22.53;302;-57;Ok
08/03/2024;0:48:07;1.06;96.20;25.75;306;27.36;306;-57;Ok
08/03/2024;0:49:57;1.00;96.30;22.80;306;24.14;305;-57;Ok
08/03/2024;0:51:47;1.00;96.40;22.99;306;25.75;312;-57;Ok
08/03/2024;0:53:37;1.00;96.40;20.92;308;22.53;313;-57;Ok
08/03/2024;0:54:46;1.06;96.40;19.31;307;20.92;306;-57;Ok
08/03/2024;0:57:17;1.01;96.40;19.81;302;20.92;304;-57;Ok
08/03/2024;0:58:15;1.00;96.50;16.90;303;17.70;306;-57;Ok
08/03/2024;1:00:02;1.06;96.40;16.20;305;17.70;312;-57;Ok
08/03/2024;1:01:52;1.06;96.40;14.48;306;16.09;302;-57;Ok
08/03/2024;1:03:42;1.00;96.40;15.29;302;17.70;301;-57;Ok
08/03/2024;1:05:32;0.97;96.40;16.82;304;19.31;305;-57;Ok
08/03/2024;1:08:17;0.94;96.40;15.66;300;17.70;302;-57;Ok
08/03/2024;1:10:18;0.89;96.40;13.84;301;14.48;304;-57;Ok
08/03/2024;1:12:00;0.89;96.40;13.68;299;14.48;298;-57;Ok
08/03/2024;1:13:47;0.92;96.40;13.10;294;16.09;302;-57;Ok
08/03/2024;1:15:37;0.94;96.50;13.41;305;14.48;309;-57;Ok
08/03/2024;1:17:27;0.97;96.50;14.00;297;16.09;304;-57;Ok
08/03/2024;1:19:17;1.00;96.50;17.70;304;19.31;309;-57;Ok
08/03/2024;1:22:02;1.00;96.50;18.51;305;20.92;308;-57;Ok
08/03/2024;1:22:57;1.00;96.50;18.11;305;19.31;308;-57;Ok
08/03/2024;1:24:50;1.06;96.40;18.51;311;19.31;317;-57;Ok
08/03/2024;1:27:35;1.17;96.50;19.31;308;20.92;312;-57;Ok
08/03/2024;1:29:23;1.22;96.70;17.36;307;17.70;316;-56;Ok
08/03/2024;1:31:13;1.19;96.40;17.22;307;19.31;301;-57;Ok
08/03/2024;1:32:21;1.17;96.50;16.09;299;17.70;305;-57;Ok
08/03/2024;1:33:58;1.24;96.60;18.45;306;20.92;312;-57;Ok
08/03/2024;1:35:48;1.22;96.60;16.68;305;17.70;301;-57;Ok
08/03/2024;1:37:40;1.22;96.40;20.92;313;20.92;314;-57;Ok
08/03/2024;1:39:28;1.17;96.40;18.99;316;19.31;316;-57;Ok
08/03/2024;1:42:13;1.17;96.40;17.01;313;19.31;313;-57;Ok
08/03/2024;1:44:03;1.17;96.40;17.12;314;17.70;313;-57;Ok
08/03/2024;1:45:53;1.17;96.40;16.46;317;17.70;326;-57;Ok
08/03/2024;1:47:46;1.22;96.40;15.29;311;16.09;310;-57;Ok
08/03/2024;1:49:35;1.28;96.70;18.51;310;19.31;308;-57;Ok
08/03/2024;1:51:23;1.33;96.70;14.48;304;16.09;304;-57;Ok
08/03/2024;1:53:13;1.28;96.60;12.55;313;12.87;313;-56;Ok
08/03/2024;1:55:58;1.22;96.60;13.31;301;16.09;302;-57;Ok
08/03/2024;1:57:06;1.22;96.60;16.90;302;17.70;301;-57;Ok
08/03/2024;2:00:33;1.22;96.60;16.63;294;17.70;291;-57;Ok
08/03/2024;2:02:23;1.28;96.70;14.79;294;19.31;298;-57;Ok
08/03/2024;2:04:15;1.28;96.60;14.48;290;14.48;296;-57;Ok
08/03/2024;2:06:05;1.28;96.60;12.07;296;12.87;306;-57;Ok
08/03/2024;2:08:48;1.28;96.60;11.85;286;14.48;294;-57;Ok
08/03/2024;2:09:56;1.28;96.60;12.07;287;12.87;290;-57;Ok
08/03/2024;2:12:28;1.31;96.60;9.66;275;11.27;278;-57;Ok
08/03/2024;2:13:26;1.33;96.60;12.07;286;12.87;287;-57;Ok
08/03/2024;2:15:16;1.33;96.70;9.66;290;9.66;291;-57;Ok
08/03/2024;2:17:03;1.33;96.60;8.85;297;9.66;297;-57;Ok
08/03/2024;2:18:53;1.39;96.60;8.37;303;9.66;300;-57;Ok
08/03/2024;2:20:43;1.33;96.60;9.33;303;11.27;296;-57;Ok
08/03/2024;2:23:28;1.33;96.60;8.85;300;9.66;310;-57;Ok
08/03/2024;2:25:18;1.31;96.60;11.05;307;12.87;309;-57;Ok
08/03/2024;2:26:27;1.28;96.60;11.27;307;11.27;305;-57;Ok
08/03/2024;2:28:58;1.28;96.60;8.58;291;11.27;286;-57;Ok
08/03/2024;2:30:48;1.22;96.60;10.19;305;11.27;309;-57;Ok
08/03/2024;2:33:30;1.22;-1.00;8.18;296;11.27;306;-57;Ok
08/03/2024;2:36:18;1.22;96.40;11.00;311;12.87;309;-57;Ok
08/03/2024;2:38:08;1.17;96.30;10.86;321;11.27;316;-57;Ok
08/03/2024;2:39:17;1.17;96.30;10.46;321;11.27;321;-57;Ok
08/03/2024;2:41:48;1.11;96.40;11.00;308;12.87;301;-57;Ok
08/03/2024;2:43:41;1.11;96.40;13.68;309;14.48;309;-57;Ok
08/03/2024;2:45:28;1.08;96.40;11.56;300;12.87;296;-57;Ok
08/03/2024;2:47:32;1.11;96.40;14.48;296;16.09;296;-57;Ok
08/03/2024;2:49:08;1.11;96.40;14.97;301;17.70;306;-57;Ok
08/03/2024;2:51:09;1.06;96.40;12.87;309;14.48;305;-57;Ok
08/03/2024;2:52:59;1.06;96.40;18.11;307;19.31;309;-57;Ok
08/03/2024;2:54:38;1.03;96.50;15.49;298;17.70;301;-57;Ok
08/03/2024;2:56:39;1.00;96.50;16.50;306;17.70;306;-57;Ok
08/03/2024;2:58:18;1.00;96.50;14.48;303;16.09;313;-57;Ok
08/03/2024;3:00:08;1.00;96.50;15.77;309;17.70;308;-57;Ok
08/03/2024;3:02:53;0.94;96.60;18.00;307;20.92;314;-57;Ok
08/03/2024;3:03:51;0.89;96.50;19.31;316;20.92;317;-57;Ok
08/03/2024;3:05:41;0.94;96.60;22.53;316;24.14;317;-57;Ok
08/03/2024;3:08:34;0.83;96.40;20.52;323;24.14;320;-57;Ok
08/03/2024;3:10:13;0.83;96.50;19.02;318;20.92;318;-57;Ok
08/03/2024;3:12:03;0.89;96.70;20.04;323;22.53;324;-57;Ok
08/03/2024;3:13:53;0.89;96.70;20.81;322;24.14;328;-57;Ok
08/03/2024;3:15:43;0.83;96.50;16.50;329;17.70;328;-57;Ok
08/03/2024;3:17:36;0.89;96.50;19.31;328;19.31;328;-57;Ok
08/03/2024;3:20:18;0.83;96.50;17.43;322;17.70;324;-57;Ok
08/03/2024;3:22:08;0.83;96.50;19.31;319;20.92;321;-57;Ok
08/03/2024;3:23:58;0.83;96.50;18.00;327;20.92;332;-57;Ok
08/03/2024;3:25:07;0.89;96.50;19.71;323;20.92;324;-57;Ok
08/03/2024;3:26:43;0.89;96.50;19.46;320;20.92;325;-57;Ok
08/03/2024;3:28:36;0.89;96.50;20.92;320;20.92;320;-57;Ok
08/03/2024;3:30:26;0.89;96.50;21.73;315;22.53;314;-57;Ok
08/03/2024;3:32:13;0.83;96.50;21.57;321;22.53;325;-58;Ok
08/03/2024;3:34:03;0.83;96.50;21.19;321;22.53;322;-58;Ok
08/03/2024;3:35:53;0.83;96.50;23.34;318;24.14;318;-57;Ok
08/03/2024;3:37:43;0.78;96.60;21.89;324;24.14;324;-58;Ok
08/03/2024;3:39:33;0.80;96.50;19.18;311;20.92;309;-57;Ok
08/03/2024;3:40:42;0.78;96.60;20.60;320;20.92;321;-57;Ok
08/03/2024;3:42:21;0.78;96.60;24.94;323;25.75;322;-57;Ok
08/03/2024;3:44:08;0.83;96.60;20.56;324;22.53;328;-57;Ok
08/03/2024;3:45:58;0.83;96.60;20.12;325;20.92;329;-57;Ok
08/03/2024;3:47:59;0.83;96.60;19.19;323;20.92;328;-57;Ok
08/03/2024;3:49:52;0.83;96.60;19.85;322;20.92;329;-57;Ok
08/03/2024;3:52:23;0.83;96.60;17.59;326;20.92;336;-58;Ok
08/03/2024;3:53:32;0.83;96.60;19.31;330;19.31;324;-58;Ok
08/03/2024;3:55:11;0.83;96.60;21.73;323;22.53;324;-58;Ok
08/03/2024;3:56:58;0.78;96.70;21.73;327;22.53;329;-58;Ok
08/03/2024;3:58:48;0.78;96.70;21.24;326;24.14;325;-58;Ok
08/03/2024;4:00:38;0.81;96.70;19.96;323;20.92;320;-58;Ok
08/03/2024;4:02:42;0.83;96.60;21.99;324;22.53;318;-58;Ok
08/03/2024;4:05:13;0.86;96.60;19.81;316;20.92;310;-58;Ok
08/03/2024;4:07:06;0.94;96.60;21.73;320;22.53;325;-58;Ok
08/03/2024;4:08:53;0.94;96.60;20.56;320;22.53;328;-58;Ok
08/03/2024;4:10:54;0.97;96.60;20.74;324;22.53;326;-58;Ok
08/03/2024;4:12:33;1.00;96.80;19.31;320;20.92;334;-58;Ok
08/03/2024;4:14:23;1.06;96.80;17.85;320;19.31;326;-58;Ok
08/03/2024;4:16:13;1.04;96.80;21.42;318;24.14;322;-58;Ok
08/03/2024;4:18:58;1.03;96.80;21.17;316;22.53;314;-58;Ok
08/03/2024;4:20:18;1.06;96.80;21.99;334;24.14;336;-58;Ok
08/03/2024;4:22:38;1.06;96.90;19.04;323;19.31;320;-58;Ok
08/03/2024;4:24:28;1.06;96.90;19.31;324;20.92;324;-57;Ok
08/03/2024;4:26:19;1.08;96.80;20.48;327;22.53;333;-58;Ok
08/03/2024;4:29:04;1.08;96.80;18.91;321;20.92;324;-58;Ok
08/03/2024;4:30:54;1.11;96.80;19.92;321;20.92;320;-58;Ok
08/03/2024;4:32:46;1.06;96.80;18.51;328;19.31;326;-57;Ok
08/03/2024;4:33:39;1.06;96.80;18.67;324;20.92;325;-57;Ok
08/03/2024;4:35:29;1.06;96.80;15.02;330;16.09;322;-58;Ok
08/03/2024;4:37:19;1.11;96.80;17.36;336;20.92;336;-58;Ok
08/03/2024;4:39:09;1.14;96.70;16.09;333;17.70;336;-58;Ok
08/03/2024;4:40:17;1.17;96.80;14.48;332;14.48;333;-57;Ok
08/03/2024;4:42:49;1.22;96.70;18.00;337;19.31;341;-57;Ok
08/03/2024;4:45:45;1.26;96.70;19.54;335;22.53;337;-58;Ok
08/03/2024;4:48:19;1.28;96.70;16.36;346;17.70;349;-58;Ok
08/03/2024;4:49:16;1.33;96.90;16.90;333;17.70;333;-58;Ok
08/03/2024;4:51:04;1.33;96.90;15.22;334;17.70;341;-57;Ok
08/03/2024;4:52:54;1.42;96.90;14.19;342;16.09;345;-58;Ok
08/03/2024;4:54:44;1.44;96.90;14.38;313;17.70;332;-57;Ok
08/03/2024;4:56:34;1.44;96.90;17.30;326;19.31;328;-58;Ok
08/03/2024;4:59:19;1.44;96.90;16.09;269;20.92;333;-57;Ok
08/03/2024;5:01:09;1.50;96.90;14.48;319;16.09;312;-58;Ok
08/03/2024;5:02:59;1.56;96.80;20.48;316;22.53;317;-57;Ok
08/03/2024;5:04:49;1.56;96.80;17.93;320;19.31;320;-58;Ok
08/03/2024;5:06:39;1.61;96.80;21.02;318;25.75;326;-58;Ok
08/03/2024;5:08:29;1.67;96.80;19.85;319;22.53;316;-58;Ok
08/03/2024;5:10:22;1.67;97.00;18.51;320;19.31;320;-58;Ok
08/03/2024;5:12:09;1.67;96.90;21.99;316;24.14;317;-58;Ok
08/03/2024;5:14:13;1.72;97.00;20.72;321;22.53;321;-58;Ok
08/03/2024;5:16:44;1.78;97.00;19.17;316;22.53;325;-58;Ok
08/03/2024;5:17:53;1.78;96.90;20.38;321;20.92;321;-58;Ok
08/03/2024;5:20:24;1.81;97.00;19.63;321;20.92;326;-58;Ok
08/03/2024;5:22:17;1.78;96.90;16.90;324;17.70;321;-58;Ok
08/03/2024;5:24:04;1.83;96.90;17.52;318;19.31;322;-58;Ok
08/03/2024;5:25:54;1.83;96.80;19.31;322;20.92;329;-58;Ok
08/03/2024;5:27:44;1.89;96.80;16.96;318;19.31;318;-58;Ok
08/03/2024;5:29:34;1.89;96.80;15.29;316;16.09;313;-57;Ok
08/03/2024;5:31:24;1.93;96.80;13.28;303;14.48;314;-58;Ok
08/03/2024;5:33:14;1.94;96.80;13.81;313;16.09;309;-58;Ok
08/03/2024;5:34:12;1.94;96.80;14.48;323;14.48;322;-58;Ok
08/03/2024;5:36:02;2.00;97.00;13.68;323;14.48;320;-58;Ok
08/03/2024;5:37:49;2.00;96.80;18.35;316;19.31;317;-58;Ok
08/03/2024;5:39:39;2.00;97.00;17.38;318;19.31;317;-58;Ok
08/03/2024;5:41:29;2.03;97.00;15.61;317;17.70;320;-58;Ok
08/03/2024;5:44:14;2.06;97.00;14.99;312;17.70;317;-58;Ok
08/03/2024;5:46:04;2.12;97.00;15.19;314;17.70;313;-57;Ok
08/03/2024;5:47:13;2.17;96.90;12.07;314;12.87;310;-57;Ok
08/03/2024;5:49:44;2.17;96.90;15.56;319;16.09;317;-58;Ok
08/03/2024;5:51:34;2.17;96.90;12.34;321;12.87;312;-58;Ok
08/03/2024;5:53:24;2.17;96.90;14.48;316;16.09;305;-58;Ok
08/03/2024;5:55:28;2.22;96.90;13.68;319;14.48;321;-58;Ok
08/03/2024;5:57:59;2.28;97.00;14.75;323;16.09;332;-58;Ok
08/03/2024;6:00:00;2.33;97.10;18.11;312;19.31;310;-57;Ok
08/03/2024;6:01:39;2.33;97.10;12.87;316;14.48;309;-58;Ok
08/03/2024;6:02:37;2.39;97.10;16.90;316;17.70;317;-58;Ok
08/03/2024;6:04:27;2.39;97.00;16.90;312;17.70;312;-57;Ok
08/03/2024;6:06:14;2.44;97.00;13.75;315;14.48;310;-57;Ok
08/03/2024;6:08:15;2.44;96.90;16.90;320;17.70;320;-58;Ok
08/03/2024;6:09:54;2.42;97.00;14.78;324;16.09;326;-58;Ok
08/03/2024;6:11:55;2.39;97.00;14.89;317;16.09;314;-58;Ok
08/03/2024;6:14:29;2.39;97.00;15.45;318;17.70;324;-58;Ok
08/03/2024;6:16:19;2.44;96.90;17.17;319;19.31;316;-58;Ok
08/03/2024;6:18:09;2.47;96.90;18.43;314;20.92;314;-58;Ok
08/03/2024;6:19:59;2.50;96.90;18.02;316;20.92;318;-57;Ok
08/03/2024;6:21:49;2.54;96.90;19.41;313;22.53;316;-57;Ok
08/03/2024;6:23:39;2.56;96.90;20.52;319;20.92;314;-57;Ok
08/03/2024;6:24:37;2.61;96.90;18.51;316;19.31;320;-57;Ok
08/03/2024;6:26:27;2.61;97.10;21.73;315;22.53;314;-57;Ok
08/03/2024;6:29:12;2.72;97.10;19.31;311;19.31;313;-57;Ok
08/03/2024;6:30:59;2.75;97.00;17.56;315;19.31;312;-57;Ok
08/03/2024;6:32:49;2.75;97.00;15.95;310;17.70;313;-56;Ok
08/03/2024;6:34:39;2.76;96.90;16.20;314;19.31;314;-57;Ok
08/03/2024;6:36:32;2.78;96.90;14.48;311;14.48;309;-57;Ok
08/03/2024;6:38:33;2.78;96.90;12.87;319;12.87;320;-57;Ok
08/03/2024;6:40:20;2.72;97.00;12.47;310;12.87;310;-56;Ok
08/03/2024;6:42:54;2.72;97.00;14.37;309;17.70;314;-57;Ok
08/03/2024;6:44:44;2.75;97.00;13.17;309;14.48;305;-57;Ok
08/03/2024;6:46:34;2.78;96.90;11.37;306;12.87;301;-57;Ok
08/03/2024;6:48:35;2.78;96.90;14.08;313;16.09;308;-56;Ok
08/03/2024;6:50:14;2.79;96.90;13.68;308;16.09;312;-57;Ok
08/03/2024;6:52:04;2.75;96.90;14.84;313;17.70;314;-57;Ok
08/03/2024;6:53:54;2.72;97.00;15.13;317;16.09;317;-57;Ok
08/03/2024;6:56:39;2.75;96.90;13.61;310;14.48;317;-57;Ok
08/03/2024;6:57:48;2.78;97.00;12.87;323;12.87;317;-57;Ok
08/03/2024;7:00:19;2.78;96.90;15.36;318;16.09;324;-57;Ok
08/03/2024;7:02:12;2.83;96.80;16.90;318;17.70;318;-57;Ok
08/03/2024;7:04:02;2.89;96.90;15.29;318;16.09;320;-57;Ok
08/03/2024;7:05:52;2.94;96.80;15.45;318;16.09;321;-56;Ok
08/03/2024;7:07:39;2.94;97.00;14.00;318;17.70;320;-56;Ok
08/03/2024;7:10:24;3.00;97.00;14.34;327;16.09;325;-57;Ok
08/03/2024;7:12:14;3.00;97.00;13.38;325;14.48;330;-57;Ok
08/03/2024;7:14:04;3.04;97.00;13.28;322;14.48;318;-57;Ok
08/03/2024;7:16:49;3.06;97.00;11.27;325;12.87;329;-57;Ok
08/03/2024;7:18:39;3.06;96.90;12.87;333;14.48;336;-57;Ok
08/03/2024;7:20:29;3.07;96.90;13.31;344;14.48;351;-57;Ok
08/03/2024;7:23:17;2.78;96.60;13.68;339;14.48;342;-57;Ok
08/03/2024;7:26:00;2.69;96.70;14.89;336;16.09;333;-57;Ok
08/03/2024;7:27:52;2.67;96.70;14.48;345;14.48;346;-57;Ok
08/03/2024;7:29:40;2.61;96.70;15.02;341;16.09;342;-57;Ok
08/03/2024;7:31:30;2.61;96.80;12.07;336;12.87;341;-57;Ok
08/03/2024;7:33:20;2.61;96.80;15.80;328;16.09;334;-57;Ok
08/03/2024;7:35:10;2.67;96.70;15.95;331;17.70;336;-57;Ok
08/03/2024;7:37:00;2.75;96.80;18.29;330;20.92;328;-57;Ok
08/03/2024;7:38:50;2.78;96.80;14.89;330;16.09;325;-57;Ok
08/03/2024;7:39:56;2.78;96.70;14.08;341;14.48;340;-57;Ok
08/03/2024;7:42:30;2.76;96.70;15.09;327;17.70;333;-57;Ok
08/03/2024;7:44:20;2.72;96.70;12.87;325;14.48;328;-57;Ok
08/03/2024;7:46:10;2.72;96.70;14.63;336;16.09;341;-57;Ok
08/03/2024;7:48:00;2.67;96.80;14.48;333;16.09;337;-57;Ok
08/03/2024;7:50:45;2.67;96.70;13.48;331;16.09;333;-57;Ok
08/03/2024;7:52:37;2.61;96.80;16.90;330;17.70;328;-57;Ok
08/03/2024;7:54:25;2.61;96.80;11.67;329;12.87;321;-57;Ok
08/03/2024;7:56:17;2.67;96.80;14.48;330;14.48;328;-57;Ok
08/03/2024;7:58:05;2.69;96.70;13.22;331;16.09;336;-57;Ok
08/03/2024;7:59:55;2.72;96.70;14.48;330;16.09;334;-57;Ok
08/03/2024;8:01:45;2.78;96.70;13.73;328;14.48;329;-57;Ok
08/03/2024;8:03:35;2.83;96.70;14.08;336;14.48;333;-57;Ok
08/03/2024;8:05:27;2.83;96.70;15.29;336;16.09;337;-57;Ok
08/03/2024;8:07:17;2.83;96.70;15.29;341;16.09;338;-57;Ok
08/03/2024;8:10:14;2.83;96.80;16.09;342;17.70;344;-57;Ok
08/03/2024;8:12:45;2.89;96.80;16.82;341;17.70;344;-57;Ok
08/03/2024;8:14:35;2.91;96.80;16.74;338;19.31;340;-57;Ok
08/03/2024;8:16:25;2.94;96.70;16.90;339;17.70;336;-57;Ok
08/03/2024;8:19:13;2.94;96.70;18.24;345;19.31;348;-57;Ok
08/03/2024;8:21:00;2.94;96.70;15.45;341;16.09;345;-57;Ok
08/03/2024;8:23:45;3.03;96.60;15.65;313;17.70;344;-57;Ok
08/03/2024;8:25:35;3.06;96.50;12.58;344;14.48;349;-57;Ok
08/03/2024;8:27:25;3.03;96.40;12.57;237;14.48;345;-57;Ok
08/03/2024;8:29:18;3.06;96.40;13.68;346;14.48;351;-56;Ok
08/03/2024;8:31:08;3.06;96.70;18.51;327;19.31;329;-56;Ok
08/03/2024;8:32:55;3.11;96.60;22.53;334;25.75;336;-57;Ok
08/03/2024;8:34:45;3.11;96.50;18.78;343;20.92;345;-57;Ok
08/03/2024;8:37:30;3.06;96.40;17.56;311;19.31;9;-57;Ok
08/03/2024;8:39:20;3.01;96.30;20.38;343;24.14;345;-57;Ok
08/03/2024;8:41:10;2.94;96.10;16.50;334;17.70;337;-57;Ok
08/03/2024;8:43:03;2.89;96.10;20.12;334;20.92;333;-57;Ok
08/03/2024;8:44:50;2.92;96.20;16.81;327;19.31;322;-57;Ok
08/03/2024;8:46:40;2.89;96.10;19.85;334;22.53;341;-57;Ok
08/03/2024;8:49:25;2.94;96.40;20.03;320;22.53;326;-57;Ok
08/03/2024;8:52:10;3.00;96.40;22.33;319;24.14;325;-57;Ok
08/03/2024;8:54:00;3.00;96.20;19.85;317;20.92;324;-57;Ok
08/03/2024;8:55:06;3.00;96.20;20.12;317;20.92;320;-57;Ok
08/03/2024;8:57:40;2.97;96.10;19.02;317;20.92;314;-57;Ok
08/03/2024;9:00:25;999.90;96.30;16.09;325;16.09;325;-57;Ok
08/03/2024;9:02:15;3.00;96.30;16.74;315;17.70;316;-57;Ok
08/03/2024;9:05:00;3.06;96.30;20.12;324;22.53;324;-57;Ok
08/03/2024;9:06:50;3.07;96.30;18.31;320;22.53;320;-57;Ok
08/03/2024;9:07:59;3.11;96.20;18.51;329;19.31;328;-57;Ok
08/03/2024;9:10:30;3.06;96.10;21.19;315;22.53;317;-57;Ok
08/03/2024;9:12:20;3.06;96.20;17.97;312;19.31;310;-57;Ok
08/03/2024;9:14:10;3.03;96.20;20.19;306;22.53;317;-57;Ok
08/03/2024;9:16:55;3.06;96.20;17.80;309;19.31;306;-57;Ok
08/03/2024;9:18:45;3.06;96.20;18.91;318;20.92;318;-56;Ok
08/03/2024;9:22:25;3.06;96.30;21.46;314;22.53;314;-57;Ok
08/03/2024;9:23:23;3.00;96.30;24.14;313;24.14;314;-57;Ok
08/03/2024;9:26:02;3.00;-1.00;20.67;317;22.53;317;-58;Ok
08/03/2024;9:28:06;3.00;96.30;20.52;313;22.53;312;-58;Ok
08/03/2024;9:30:40;3.01;96.30;18.71;317;20.92;329;-57;Ok
08/03/2024;9:31:35;3.00;96.30;19.71;311;20.92;312;-58;Ok
08/03/2024;9:33:28;3.00;96.30;18.51;331;19.31;329;-57;Ok
08/03/2024;9:35:15;2.94;96.10;17.97;314;19.31;310;-58;Ok
08/03/2024;9:37:05;3.00;96.20;18.24;320;19.31;316;-57;Ok
08/03/2024;9:38:55;2.97;96.20;17.85;313;20.92;308;-57;Ok
08/03/2024;9:40:45;2.97;96.20;19.63;317;22.53;308;-57;Ok
08/03/2024;9:42:35;2.98;96.20;19.53;315;22.53;312;-58;Ok
08/03/2024;9:44:28;2.94;96.30;24.94;317;25.75;318;-58;Ok
08/03/2024;9:46:18;2.94;96.20;18.51;307;19.31;309;-58;Ok
08/03/2024;9:48:05;2.94;96.30;20.60;307;22.53;312;-58;Ok
08/03/2024;9:49:55;2.89;96.40;17.97;311;20.92;320;-58;Ok
08/03/2024;9:51:45;2.89;96.40;15.80;304;17.70;305;-57;Ok
08/03/2024;9:53:35;2.86;96.40;16.53;313;17.70;314;-58;Ok
08/03/2024;9:55:25;2.87;96.50;16.09;308;17.70;309;-58;Ok
08/03/2024;9:57:18;2.83;96.50;16.90;309;17.70;304;-58;Ok
08/03/2024;9:59:19;2.83;96.50;19.31;301;19.31;310;-58;Ok
08/03/2024;10:01:53;2.83;96.60;15.29;312;16.09;312;-58;Ok
08/03/2024;10:04:35;2.89;96.60;17.01;303;17.70;305;-58;Ok
08/03/2024;10:06:25;2.87;96.60;18.24;305;20.92;316;-58;Ok
08/03/2024;10:09:10;2.89;96.60;13.95;304;14.48;304;-58;Ok
08/03/2024;10:11:00;2.87;96.60;18.41;292;20.92;290;-57;Ok
08/03/2024;10:12:50;2.94;96.60;17.70;309;19.31;304;-58;Ok
08/03/2024;10:14:40;2.83;96.60;17.70;315;17.70;318;-58;Ok
08/03/2024;10:17:25;2.89;96.60;20.92;315;22.53;321;-58;Ok
08/03/2024;10:18:34;2.94;96.60;21.73;313;22.53;313;-58;Ok
08/03/2024;10:21:05;2.89;96.70;18.24;308;20.92;309;-58;Ok
08/03/2024;10:22:11;2.94;96.70;17.30;313;19.31;310;-58;Ok
08/03/2024;10:23:53;2.94;96.70;18.51;303;19.31;301;-58;Ok
08/03/2024;10:25:41;2.94;96.70;23.60;310;25.75;306;-58;Ok
08/03/2024;10:27:31;2.83;96.70;23.07;305;24.14;305;-58;Ok
08/03/2024;10:30:29;2.83;96.70;18.99;313;20.92;306;-58;Ok
08/03/2024;10:33:01;2.83;96.70;19.92;315;22.53;317;-58;Ok
08/03/2024;10:33:56;2.83;96.70;18.11;314;19.31;317;-58;Ok
08/03/2024;10:35:04;2.83;96.50;14.48;311;14.48;316;-58;Ok
08/03/2024;10:37:36;2.81;96.50;20.04;312;22.53;316;-57;Ok
08/03/2024;10:39:26;2.83;96.50;20.92;320;22.53;326;-58;Ok
08/03/2024;10:41:16;2.83;96.60;21.24;314;22.53;317;-57;Ok
08/03/2024;10:43:19;2.83;96.50;18.91;318;19.31;321;-57;Ok
08/03/2024;10:45:51;2.83;96.60;22.93;313;25.75;316;-57;Ok
08/03/2024;10:46:46;2.83;96.60;20.12;317;20.92;324;-57;Ok
08/03/2024;10:48:38;2.83;96.60;24.14;319;24.14;321;-56;Ok
08/03/2024;10:50:28;2.83;96.60;22.53;319;22.53;318;-57;Ok
08/03/2024;10:52:16;2.83;96.60;23.34;316;24.14;316;-57;Ok
08/03/2024;10:54:06;2.81;96.50;21.51;313;22.53;322;-57;Ok
08/03/2024;10:55:56;2.83;96.60;20.60;316;22.53;317;-57;Ok
08/03/2024;10:57:46;2.81;96.50;19.46;319;20.92;320;-57;Ok
08/03/2024;10:59:38;2.83;96.60;16.09;324;16.09;320;-57;Ok
08/03/2024;11:01:37;2.83;96.80;18.11;323;19.31;329;-57;Ok
08/03/2024;11:03:16;2.83;96.70;18.51;319;20.92;317;-57;Ok
08/03/2024;11:06:01;2.83;96.50;19.60;311;20.92;318;-57;Ok
08/03/2024;11:07:51;2.81;96.50;20.34;315;20.92;320;-57;Ok
08/03/2024;11:10:36;2.78;96.50;20.19;317;22.53;316;-57;Ok
08/03/2024;11:12:29;2.78;96.50;17.70;314;19.31;316;-57;Ok
08/03/2024;11:14:19;2.83;96.60;18.51;320;19.31;321;-57;Ok
08/03/2024;11:15:11;2.78;96.50;19.31;316;20.92;318;-57;Ok
08/03/2024;11:17:56;2.78;96.50;18.81;314;20.92;320;-57;Ok
08/03/2024;11:19:46;2.78;96.50;20.46;317;22.53;320;-57;Ok
08/03/2024;11:20:55;2.67;96.50;18.24;307;19.31;308;-57;Ok
08/03/2024;11:23:26;2.74;96.50;19.11;315;20.92;322;-57;Ok
08/03/2024;11:25:19;2.67;96.50;16.90;321;17.70;325;-57;Ok
08/03/2024;11:28:01;2.72;96.50;18.99;315;20.92;321;-57;Ok
08/03/2024;11:30:46;2.67;96.60;17.82;321;20.92;314;-56;Ok
08/03/2024;11:32:36;2.67;96.50;15.95;319;16.09;326;-55;Ok
08/03/2024;11:33:45;2.67;96.60;20.52;316;20.92;322;-55;Ok
08/03/2024;11:35:21;2.67;96.60;19.17;313;20.92;313;-55;Ok
08/03/2024;11:37:14;2.67;96.50;17.70;316;17.70;316;-55;Ok
08/03/2024;11:39:04;2.67;96.60;19.31;326;20.92;325;-55;Ok
08/03/2024;11:42:41;2.67;96.50;16.63;316;17.70;317;-55;Ok
08/03/2024;11:45:26;2.67;96.60;17.38;313;19.31;306;-55;Ok
08/03/2024;11:47:16;2.69;96.50;18.45;312;20.92;326;-55;Ok
08/03/2024;11:49:06;2.67;96.50;17.30;315;17.70;314;-55;Ok
08/03/2024;11:50:59;2.67;96.70;18.51;309;19.31;310;-54;Ok
08/03/2024;11:52:46;2.67;96.60;19.11;310;20.92;310;-55;Ok
08/03/2024;11:54:36;2.67;96.60;17.17;317;17.70;316;-55;Ok
08/03/2024;11:57:21;2.69;96.60;17.26;316;17.70;321;-54;Ok
08/03/2024;11:58:30;2.72;96.60;18.11;316;19.31;324;-54;Ok
08/03/2024;12:01:01;2.72;96.50;19.01;309;22.53;313;-54;Ok
08/03/2024;12:01:59;2.72;96.60;19.71;313;20.92;310;-54;Ok
08/03/2024;12:03:49;2.78;96.50;16.09;323;16.09;324;-54;Ok
08/03/2024;12:05:36;2.78;96.60;18.78;308;20.92;320;-55;Ok
08/03/2024;12:07:29;2.72;96.50;16.90;321;17.70;322;-54;Ok
08/03/2024;12:10:11;2.72;96.50;22.07;309;22.53;313;-55;Ok
08/03/2024;12:12:56;2.68;96.50;19.21;303;22.53;304;-55;Ok
08/03/2024;12:14:02;2.72;96.60;16.09;306;16.09;306;-55;Ok
08/03/2024;12:15:44;2.72;96.60;18.51;311;19.31;314;-54;Ok
08/03/2024;12:17:42;2.78;96.60;21.51;309;24.14;306;-55;Ok
08/03/2024;12:19:21;2.72;96.50;22.53;303;25.75;306;-55;Ok
08/03/2024;12:21:11;2.72;96.60;21.73;304;24.14;310;-55;Ok
08/03/2024;12:23:01;2.78;96.60;23.01;306;24.14;306;-55;Ok
08/03/2024;12:24:51;2.78;96.60;18.82;301;20.92;301;-55;Ok
08/03/2024;12:26:52;2.83;96.60;18.99;300;20.92;308;-55;Ok
08/03/2024;12:27:47;2.83;96.60;19.71;301;22.53;298;-55;Ok
08/03/2024;12:29:29;2.78;96.50;22.53;302;24.14;304;-55;Ok
08/03/2024;12:33:06;2.81;96.60;23.99;300;25.75;301;-55;Ok
08/03/2024;12:34:56;2.83;96.70;23.85;303;28.97;308;-55;Ok
08/03/2024;12:37:41;2.89;96.80;20.42;298;24.14;316;-55;Ok
08/03/2024;12:39:34;2.94;96.70;22.53;308;24.14;316;-55;Ok
08/03/2024;12:42:16;2.89;96.70;24.14;304;25.75;301;-56;Ok
08/03/2024;12:44:06;2.89;96.70;26.02;309;27.36;312;-56;Ok
08/03/2024;12:45:56;2.93;96.70;25.40;301;28.97;305;-56;Ok
08/03/2024;12:47:46;2.94;96.70;25.31;301;28.97;302;-56;Ok
08/03/2024;12:48:55;3.00;96.70;27.36;300;28.97;301;-56;Ok
08/03/2024;12:51:26;2.99;96.50;26.15;298;28.97;312;-57;Ok
08/03/2024;12:52:24;2.94;96.40;25.75;296;27.36;296;-56;Ok
08/03/2024;12:54:14;3.06;96.50;26.55;308;27.36;313;-57;Ok
08/03/2024;12:56:01;3.06;96.60;25.75;303;27.36;300;-57;Ok
08/03/2024;12:57:51;3.06;96.40;25.21;297;28.97;302;-58;Ok
08/03/2024;12:59:41;3.06;96.50;21.95;302;25.75;298;-57;Ok
08/03/2024;13:01:31;3.06;96.40;22.53;308;24.14;306;-57;Ok
08/03/2024;13:03:21;3.06;96.40;20.92;307;24.14;325;-57;Ok
08/03/2024;13:05:14;3.11;96.50;21.73;311;22.53;305;-57;Ok
08/03/2024;13:07:56;3.00;96.40;26.02;308;27.36;313;-57;Ok
08/03/2024;13:11:34;2.96;-1.00;24.89;300;27.36;301;-58;Ok
08/03/2024;13:13:26;2.97;96.40;23.41;301;25.75;297;-57;Ok
08/03/2024;13:15:50;2.99;-1.00;23.74;301;27.36;312;-57;Ok
08/03/2024;13:19:52;2.94;96.50;25.05;298;28.97;304;-58;Ok
08/03/2024;13:20:47;3.00;96.60;22.21;294;22.53;285;-57;Ok
08/03/2024;13:23:32;3.11;96.60;24.78;295;28.97;294;-57;Ok
08/03/2024;13:25:22;3.06;96.50;21.80;294;25.75;301;-57;Ok
08/03/2024;13:26:41;3.06;96.40;22.76;293;25.75;294;-57;Ok
08/03/2024;13:29:57;3.11;96.60;22.21;298;25.75;302;-57;Ok
08/03/2024;13:31:47;3.07;96.60;23.94;296;27.36;291;-57;Ok
08/03/2024;13:33:37;3.06;96.40;21.57;292;24.14;297;-57;Ok
08/03/2024;13:35:27;3.06;96.40;26.07;297;27.36;300;-57;Ok
08/03/2024;13:38:12;3.14;96.70;23.85;301;25.75;300;-57;Ok
08/03/2024;13:40:02;3.11;96.60;20.52;292;22.53;290;-57;Ok
08/03/2024;13:42:47;3.21;96.70;23.71;301;27.36;308;-57;Ok
08/03/2024;13:44:39;3.22;96.60;19.31;303;20.92;298;-57;Ok
08/03/2024;13:47:35;3.22;96.70;23.94;295;27.36;298;-57;Ok
08/03/2024;13:49:12;3.22;96.70;23.17;298;25.75;302;-58;Ok
08/03/2024;13:51:13;3.28;96.60;26.15;306;27.36;306;-58;Ok
08/03/2024;13:53:47;3.30;96.60;20.17;295;22.53;301;-57;Ok
08/03/2024;13:55:39;3.33;96.50;17.70;294;17.70;286;-58;Ok
08/03/2024;13:58:22;3.44;96.80;22.93;295;27.36;298;-58;Ok
08/03/2024;14:00:12;3.44;96.70;21.46;291;22.53;294;-58;Ok
08/03/2024;14:02:57;3.50;96.70;23.41;304;27.36;310;-58;Ok
08/03/2024;14:04:06;3.50;96.50;19.71;296;20.92;301;-58;Ok
08/03/2024;14:06:37;3.49;96.50;22.83;294;27.36;306;-57;Ok
08/03/2024;14:07:35;3.44;96.50;21.73;294;22.53;298;-58;Ok
08/03/2024;14:09:33;3.48;96.60;20.56;293;24.14;301;-58;Ok
08/03/2024;14:11:12;3.39;96.40;24.94;295;27.36;294;-58;Ok
08/03/2024;14:13:05;3.39;96.50;20.92;289;22.53;291;-58;Ok
08/03/2024;14:14:52;3.44;96.60;24.14;290;25.75;298;-58;Ok
08/03/2024;14:16:53;3.44;96.50;21.73;288;24.14;289;-58;Ok
08/03/2024;14:18:32;3.44;96.70;25.16;286;28.97;282;-58;Ok
08/03/2024;14:21:20;3.44;96.50;24.94;291;25.75;287;-58;Ok
08/03/2024;14:22:26;3.50;96.60;19.31;288;19.31;283;-58;Ok
08/03/2024;14:24:57;3.44;96.50;22.26;297;24.14;293;-58;Ok
08/03/2024;14:26:47;3.44;96.70;23.55;289;25.75;298;-58;Ok
08/03/2024;14:28:37;3.56;96.70;26.19;289;28.97;293;-57;Ok
08/03/2024;14:31:22;3.54;96.70;24.02;292;30.58;301;-57;Ok
08/03/2024;14:33:23;3.50;96.50;22.13;291;25.75;291;-57;Ok
08/03/2024;14:35:05;3.50;96.60;20.92;295;22.53;296;-57;Ok
08/03/2024;14:38:42;3.50;96.50;22.32;296;27.36;291;-56;Ok
08/03/2024;14:40:32;3.44;96.40;21.61;299;24.14;297;-57;Ok
08/03/2024;14:41:52;3.44;96.50;18.51;295;19.31;302;-56;Ok
08/03/2024;14:44:12;3.49;96.40;21.63;297;24.14;308;-57;Ok
08/03/2024;14:46:05;3.39;96.30;22.53;304;22.53;300;-57;Ok
08/03/2024;14:47:52;3.33;96.10;19.85;305;20.92;306;-57;Ok
08/03/2024;14:51:32;3.44;96.60;21.19;305;22.53;306;-57;Ok
08/03/2024;14:53:22;3.42;96.30;20.19;297;22.53;302;-58;Ok
08/03/2024;14:55:12;3.36;96.40;19.51;298;22.53;298;-58;Ok
08/03/2024;14:57:02;3.33;96.30;19.61;295;22.53;296;-58;Ok
08/03/2024;14:58:52;3.35;96.30;19.61;300;20.92;300;-58;Ok
08/03/2024;15:00:42;3.36;96.40;19.31;299;20.92;302;-58;Ok
08/03/2024;15:02:32;3.33;96.30;20.60;306;22.53;309;-58;Ok
08/03/2024;15:05:17;3.39;96.50;17.56;301;19.31;300;-58;Ok
08/03/2024;15:06:26;3.50;96.70;24.14;305;25.75;305;-58;Ok
08/03/2024;15:08:57;3.39;96.30;22.73;305;24.14;305;-58;Ok
08/03/2024;15:10:50;3.33;96.40;23.34;303;24.14;302;-58;Ok
08/03/2024;15:12:40;3.28;96.20;22.53;306;24.14;308;-58;Ok
08/03/2024;15:14:27;3.22;96.10;21.73;305;24.14;305;-58;Ok
08/03/2024;15:16:17;3.24;96.30;23.15;299;24.14;306;-58;Ok
08/03/2024;15:19:02;3.28;96.50;17.70;300;19.31;290;-58;Ok
08/03/2024;15:21:03;3.29;96.50;18.45;307;20.92;310;-58;Ok
08/03/2024;15:22:45;3.22;96.40;19.31;313;19.31;313;-58;Ok
08/03/2024;15:25:27;3.17;96.20;20.63;308;22.53;313;-58;Ok
08/03/2024;15:27:20;3.22;96.60;16.90;310;17.70;309;-58;Ok
08/03/2024;15:29:07;3.19;96.50;17.86;304;20.92;309;-58;Ok
08/03/2024;15:32:06;3.11;96.40;21.57;305;22.53;306;-58;Ok
08/03/2024;15:34:37;2.97;96.10;20.35;304;22.53;309;-58;Ok
08/03/2024;15:35:46;3.00;96.30;15.29;302;16.09;302;-58;Ok
08/03/2024;15:38:17;3.11;96.60;18.95;303;22.53;309;-58;Ok
08/03/2024;15:40:07;3.11;96.60;21.19;307;22.53;302;-58;Ok
08/03/2024;15:41:57;3.00;96.40;18.87;302;22.53;306;-58;Ok
08/03/2024;15:43:47;3.00;96.50;20.92;314;22.53;310;-59;Ok
08/03/2024;15:45:37;3.00;96.50;18.85;312;20.92;313;-60;Ok
08/03/2024;15:47:27;3.00;96.40;20.12;312;22.53;314;-60;Ok
08/03/2024;15:48:25;2.94;96.50;24.94;308;25.75;309;-59;Ok
08/03/2024;15:50:12;3.06;96.50;19.31;305;19.31;309;-60;Ok
08/03/2024;15:53:08;2.89;96.50;18.85;302;20.92;301;-60;Ok
08/03/2024;15:54:47;2.83;96.50;21.95;301;24.14;300;-60;Ok
08/03/2024;15:57:21;2.89;-1.00;22.17;312;24.14;313;-60;Ok
08/03/2024;16:00:17;2.83;96.60;20.12;306;22.53;310;-60;Ok
08/03/2024;16:03:02;2.86;96.70;19.17;303;20.92;308;-60;Ok
08/03/2024;16:04:52;2.94;96.80;18.51;307;20.92;317;-59;Ok
08/03/2024;16:06:42;2.94;96.70;20.35;300;22.53;321;-59;Ok
08/03/2024;16:08:32;2.89;96.70;16.97;299;19.31;298;-59;Ok
08/03/2024;16:11:17;2.94;96.80;21.89;299;24.14;290;-59;Ok
08/03/2024;16:13:10;2.83;96.70;19.31;300;19.31;300;-59;Ok
08/03/2024;16:15:53;2.90;96.70;20.42;300;22.53;302;-59;Ok
08/03/2024;16:16:48;2.89;96.70;18.78;306;20.92;313;-59;Ok
08/03/2024;16:18:40;2.94;96.80;19.31;307;19.31;306;-58;Ok
08/03/2024;16:21:23;2.89;96.80;21.28;299;24.14;302;-59;Ok
08/03/2024;16:23:13;3.00;96.90;19.74;295;22.53;298;-59;Ok
08/03/2024;16:25:03;3.00;96.80;19.71;300;22.53;308;-58;Ok
08/03/2024;16:27:04;2.94;96.80;22.93;289;25.75;287;-58;Ok
08/03/2024;16:29:38;2.94;96.80;23.07;291;24.14;291;-57;Ok
08/03/2024;16:32:23;2.97;96.80;17.26;301;19.31;291;-58;Ok
08/03/2024;16:34:13;3.00;96.80;19.17;300;20.92;305;-58;Ok
08/03/2024;16:36:14;3.10;96.80;16.84;309;19.31;310;-58;Ok
08/03/2024;16:37:55;2.94;96.60;19.31;318;20.92;321;-58;Ok
08/03/2024;16:40:38;2.83;96.50;18.00;305;19.31;310;-58;Ok
08/03/2024;16:44:18;2.83;96.70;18.73;301;20.92;301;-58;Ok
08/03/2024;16:47:05;2.83;96.50;20.12;310;20.92;312;-58;Ok
08/03/2024;16:48:53;2.78;96.50;19.31;306;22.53;308;-60;Ok
08/03/2024;16:49:50;2.83;96.50;22.13;308;24.14;309;-59;Ok
08/03/2024;16:51:40;2.83;96.60;17.70;311;17.70;317;-58;Ok
08/03/2024;16:53:28;2.78;96.60;19.92;305;22.53;313;-59;Ok
08/03/2024;16:55:18;2.83;96.60;20.12;295;22.53;297;-59;Ok
08/03/2024;16:57:08;2.86;96.90;15.65;287;17.70;291;-58;Ok
08/03/2024;16:58:58;2.83;96.80;19.31;289;20.92;285;-58;Ok
08/03/2024;17:00:48;2.83;96.60;21.02;288;25.75;296;-58;Ok
08/03/2024;17:02:38;2.81;96.60;17.17;288;19.31;290;-58;Ok
08/03/2024;17:03:44;2.83;96.60;19.71;297;20.92;298;-59;Ok
08/03/2024;17:05:26;2.83;96.60;20.12;288;20.92;287;-58;Ok
08/03/2024;17:09:03;999.90;96.60;19.31;291;19.31;291;-58;Ok
08/03/2024;17:12:29;2.78;-1.00;17.06;290;19.31;286;-58;Ok
08/03/2024;17:15:28;2.71;96.50;20.92;286;24.14;291;-58;Ok
08/03/2024;17:16:37;2.67;96.60;21.73;283;22.53;285;-58;Ok
08/03/2024;17:19:08;2.67;96.70;21.89;291;22.53;291;-58;Ok
08/03/2024;17:21:01;2.61;96.70;18.78;292;19.31;294;-58;Ok
08/03/2024;17:23:43;2.61;96.70;18.43;285;19.31;278;-58;Ok
08/03/2024;17:27:23;2.58;96.80;18.58;282;20.92;289;-58;Ok
08/03/2024;17:30:22;2.61;96.80;15.69;284;17.70;296;-59;Ok
08/03/2024;17:32:01;2.56;96.80;20.12;284;20.92;287;-58;Ok
08/03/2024;17:34:40;2.54;-1.00;18.67;278;22.53;285;-59;Ok
08/03/2024;17:36:33;2.50;96.80;20.28;288;20.92;287;-58;Ok
08/03/2024;17:39:18;2.47;96.60;19.01;288;20.92;293;-55;Ok
08/03/2024;17:42:03;2.46;96.60;17.49;286;20.92;289;-55;Ok
08/03/2024;17:43:53;2.44;96.60;18.02;285;19.31;287;-55;Ok
08/03/2024;17:45:43;2.39;96.60;17.70;292;19.31;293;-55;Ok
08/03/2024;17:47:33;2.42;96.70;16.97;287;17.70;293;-55;Ok
08/03/2024;17:49:23;2.39;96.60;17.41;291;17.70;293;-55;Ok
08/03/2024;17:52:08;2.44;96.70;14.69;288;17.70;291;-54;Ok
08/03/2024;17:54:01;2.50;96.70;15.29;291;16.09;294;-54;Ok
08/03/2024;17:55:48;2.44;96.70;16.50;291;17.70;290;-54;Ok
08/03/2024;17:59:28;2.44;96.70;19.58;283;22.53;287;-55;Ok
08/03/2024;18:01:18;2.44;96.70;15.86;287;17.70;275;-54;Ok
08/03/2024;18:04:03;2.44;96.70;15.49;278;17.70;277;-54;Ok
08/03/2024;18:06:48;2.46;96.60;15.86;279;19.31;275;-54;Ok
08/03/2024;18:08:38;2.50;96.70;15.02;281;16.09;286;-54;Ok
08/03/2024;18:11:23;2.56;96.70;15.83;284;16.09;281;-54;Ok
08/03/2024;18:12:18;2.56;96.90;16.09;278;17.70;277;-54;Ok
08/03/2024;18:14:08;2.56;96.80;14.78;282;16.09;285;-54;Ok
08/03/2024;18:17:04;2.67;96.80;15.74;276;17.70;277;-55;Ok
08/03/2024;18:18:46;2.61;96.80;15.29;279;16.09;277;-54;Ok
08/03/2024;18:21:28;2.60;96.80;12.77;266;14.48;266;-54;Ok
08/03/2024;18:24:27;2.56;-1.00;16.09;286;16.09;286;-54;Ok
08/03/2024;18:26:58;2.56;96.60;14.63;274;16.09;278;-54;Ok
08/03/2024;18:28:48;2.54;96.60;14.48;278;17.70;275;-54;Ok
08/03/2024;18:30:38;2.50;96.50;13.52;278;16.09;281;-54;Ok
08/03/2024;18:32:31;2.50;96.50;16.90;285;17.70;285;-54;Ok
08/03/2024;18:34:18;2.50;96.50;15.29;276;16.09;279;-54;Ok
08/03/2024;18:36:08;2.50;96.50;15.29;288;17.70;291;-54;Ok
08/03/2024;18:37:58;2.50;96.50;12.58;277;14.48;273;-54;Ok
08/03/2024;18:40:43;2.50;96.50;12.98;281;16.09;279;-54;Ok
08/03/2024;18:42:33;2.44;96.40;11.00;283;12.87;283;-54;Ok
08/03/2024;18:46:03;2.50;-1.00;12.34;283;14.48;285;-54;Ok
08/03/2024;18:48:06;2.50;96.50;13.41;289;14.48;297;-54;Ok
08/03/2024;18:50:48;2.44;96.30;11.85;286;12.87;282;-54;Ok
08/03/2024;18:51:57;2.44;96.30;12.87;285;12.87;290;-54;Ok
08/03/2024;18:54:28;2.46;96.20;12.37;285;12.87;293;-54;Ok
08/03/2024;18:55:23;2.44;96.20;12.47;291;12.87;291;-54;Ok
08/03/2024;18:56:32;2.44;96.20;12.87;289;12.87;289;-54;Ok
08/03/2024;18:59:03;2.50;96.20;9.39;280;11.27;278;-54;Ok
08/03/2024;19:00:53;2.50;96.20;11.53;282;12.87;283;-54;Ok
08/03/2024;19:03:52;2.56;96.30;9.86;267;12.87;279;-54;Ok
08/03/2024;19:06:23;2.58;96.10;8.80;261;9.66;261;-54;Ok
08/03/2024;19:08:16;2.56;96.00;8.05;273;8.05;277;-54;Ok
08/03/2024;19:09:19;2.56;96.00;7.24;279;8.05;281;-54;Ok
08/03/2024;19:10:58;2.61;96.00;8.51;285;9.66;290;-54;Ok
08/03/2024;19:12:49;2.61;96.00;8.85;282;9.66;283;-54;Ok
08/03/2024;19:14:39;2.56;95.90;9.33;284;9.66;286;-54;Ok
08/03/2024;19:16:29;2.56;95.90;8.19;276;9.66;279;-54;Ok
08/03/2024;19:19:14;2.56;95.80;6.44;273;8.05;275;-54;Ok
08/03/2024;19:20:09;2.56;95.90;6.04;279;6.44;279;-54;Ok
08/03/2024;19:22:01;2.56;95.90;8.05;299;8.05;297;-54;Ok
08/03/2024;19:23:49;2.56;95.80;6.84;310;8.05;316;-54;Ok
08/03/2024;19:25:39;2.56;95.70;8.58;312;9.66;313;-54;Ok
08/03/2024;19:28:24;2.56;95.70;6.44;307;8.05;306;-54;Ok
08/03/2024;19:30:14;2.54;95.70;9.77;312;11.27;318;-54;Ok
08/03/2024;19:32:59;2.44;95.60;12.58;308;14.48;316;-54;Ok
08/03/2024;19:35:55;2.39;95.60;12.07;311;12.87;313;-54;Ok
08/03/2024;19:37:34;2.39;95.70;9.39;301;9.66;308;-54;Ok
08/03/2024;19:39:24;2.39;95.70;9.66;312;11.27;316;-54;Ok
08/03/2024;19:41:14;2.33;95.80;9.22;310;9.66;308;-54;Ok
08/03/2024;19:42:22;2.33;95.80;7.64;305;8.05;306;-54;Ok
08/03/2024;19:43:59;2.35;95.80;8.85;306;9.66;305;-54;Ok
08/03/2024;19:45:49;2.33;95.80;10.62;305;11.27;304;-54;Ok
08/03/2024;19:47:50;2.28;95.70;9.25;299;9.66;305;-55;Ok
08/03/2024;19:49:29;2.28;95.80;8.31;300;9.66;300;-54;Ok
08/03/2024;19:52:14;2.28;95.80;9.12;296;9.66;296;-54;Ok
08/03/2024;19:54:06;2.28;95.80;7.24;300;8.05;300;-54;Ok
08/03/2024;19:55:54;2.26;95.90;7.72;305;9.66;310;-54;Ok
08/03/2024;19:57:55;2.22;95.90;8.45;300;9.66;305;-55;Ok
08/03/2024;19:59:37;2.22;95.90;8.85;305;9.66;305;-55;Ok
08/03/2024;20:03:14;2.22;95.80;10.46;300;11.27;298;-58;Ok
08/03/2024;20:05:59;2.22;95.80;7.46;292;9.66;293;-57;Ok
08/03/2024;20:07:08;2.22;95.70;8.85;284;9.66;282;-57;Ok
08/03/2024;20:09:39;2.28;95.70;10.06;296;11.27;296;-57;Ok
08/03/2024;20:10:37;2.28;95.90;10.19;281;11.27;281;-57;Ok
08/03/2024;20:12:27;2.28;95.80;12.87;300;12.87;302;-57;Ok
08/03/2024;20:15:12;2.28;95.70;11.27;304;11.27;308;-57;Ok
08/03/2024;20:16:59;2.28;95.70;11.64;298;12.87;291;-56;Ok
08/03/2024;20:17:54;2.33;95.60;12.87;311;12.87;314;-57;Ok
08/03/2024;20:19:44;2.33;95.40;15.83;290;17.70;289;-56;Ok
08/03/2024;20:22:29;2.33;95.20;12.19;304;14.48;312;-56;Ok
08/03/2024;20:24:30;2.33;95.20;11.27;289;11.27;289;-56;Ok
08/03/2024;20:26:09;2.33;95.20;12.27;298;12.87;294;-56;Ok
08/03/2024;20:27:59;2.33;95.10;12.87;306;14.48;306;-56;Ok
08/03/2024;20:29:49;2.31;95.10;12.13;301;12.87;305;-56;Ok
08/03/2024;20:32:45;2.28;95.10;13.59;302;14.48;306;-56;Ok
08/03/2024;20:35:19;2.26;95.00;12.57;302;14.48;312;-56;Ok
08/03/2024;20:36:17;2.28;95.10;12.87;304;12.87;301;-56;Ok
08/03/2024;20:38:04;2.24;95.10;12.67;297;14.48;294;-56;Ok
08/03/2024;20:39:54;2.28;95.10;11.27;301;12.87;302;-55;Ok
08/03/2024;20:41:44;2.28;95.10;12.34;289;14.48;286;-56;Ok
08/03/2024;20:43:34;2.28;95.00;12.87;299;14.48;301;-55;Ok
08/03/2024;20:46:19;2.28;94.90;12.23;288;14.48;290;-55;Ok
08/03/2024;20:48:09;2.28;94.90;12.07;291;12.87;289;-55;Ok
08/03/2024;20:51:22;2.28;-1.00;11.27;289;11.27;296;-55;Ok
08/03/2024;20:52:47;2.28;94.90;14.48;289;14.48;286;-56;Ok
08/03/2024;20:54:34;2.33;94.90;13.62;289;14.48;296;-55;Ok
08/03/2024;20:56:24;2.33;95.00;13.04;295;14.48;296;-55;Ok
08/03/2024;20:57:33;2.33;95.00;11.27;300;11.27;306;-55;Ok
08/03/2024;21:00:04;2.33;94.80;12.87;297;16.09;308;-56;Ok
08/03/2024;21:00:59;2.33;94.80;12.23;297;14.48;294;-55;Ok
08/03/2024;21:03:55;2.33;94.80;13.68;289;14.48;296;-55;Ok
08/03/2024;21:05:34;2.33;94.80;12.61;289;14.48;291;-55;Ok
08/03/2024;21:07:24;2.39;94.70;13.33;286;14.48;290;-56;Ok
08/03/2024;21:09:14;2.39;94.70;13.23;284;16.09;289;-56;Ok
08/03/2024;21:11:04;2.39;94.50;14.16;291;16.09;294;-56;Ok
08/03/2024;21:12:54;2.39;94.40;12.47;292;12.87;294;-56;Ok
08/03/2024;21:14:47;2.39;94.40;15.29;292;16.09;289;-56;Ok
08/03/2024;21:16:34;2.39;94.30;13.88;295;16.09;296;-56;Ok
08/03/2024;21:19:22;2.39;94.30;12.87;293;12.87;296;-56;Ok
08/03/2024;21:21:09;2.39;94.30;13.31;285;14.48;291;-56;Ok
08/03/2024;21:22:18;2.39;94.30;13.68;286;14.48;290;-56;Ok
08/03/2024;21:24:49;2.39;94.30;12.67;287;14.48;287;-56;Ok
08/03/2024;21:26:42;2.44;94.30;12.87;295;12.87;294;-56;Ok
08/03/2024;21:29:24;2.50;94.30;11.91;290;12.87;294;-56;Ok
08/03/2024;21:32:09;2.44;94.10;12.07;302;14.48;297;-56;Ok
08/03/2024;21:34:54;2.39;94.30;14.31;298;16.09;305;-56;Ok
08/03/2024;21:37:50;2.44;94.20;13.22;297;14.48;294;-56;Ok
08/03/2024;21:39:32;2.44;94.20;12.87;295;12.87;297;-56;Ok
08/03/2024;21:41:19;2.50;94.20;11.04;287;12.87;283;-56;Ok
08/03/2024;21:43:09;2.50;94.10;12.87;288;14.48;294;-56;Ok
08/03/2024;21:44:07;2.56;93.90;11.27;286;11.27;293;-56;Ok
08/03/2024;21:46:49;2.61;93.80;13.17;284;14.48;281;-56;Ok
08/03/2024;21:47:55;2.61;93.80;12.47;292;12.87;290;-56;Ok
08/03/2024;21:49:34;2.61;93.70;13.30;288;14.48;300;-56;Ok
08/03/2024;21:50:40;2.67;93.60;12.07;291;12.87;298;-56;Ok
08/03/2024;21:53:14;2.63;93.40;14.18;286;16.09;293;-56;Ok
08/03/2024;21:55:04;2.61;93.40;14.22;285;16.09;289;-56;Ok
08/03/2024;21:56:54;2.50;93.40;13.68;282;14.48;279;-56;Ok
08/03/2024;21:58:44;2.50;93.50;14.92;284;16.09;286;-56;Ok
08/03/2024;22:01:29;2.49;93.70;16.19;289;17.70;291;-56;Ok
08/03/2024;22:03:19;2.48;93.70;15.51;286;16.09;290;-55;Ok
08/03/2024;22:05:12;2.50;93.60;16.90;290;17.70;291;-55;Ok
08/03/2024;22:06:59;2.44;93.50;16.27;289;17.70;293;-55;Ok
08/03/2024;22:08:52;2.44;93.60;15.02;288;16.09;283;-55;Ok
08/03/2024;22:10:40;2.44;93.90;16.09;285;17.70;287;-55;Ok
08/03/2024;22:12:43;2.44;93.90;15.29;285;16.09;285;-55;Ok
08/03/2024;22:15:15;2.33;93.90;15.59;284;17.70;287;-55;Ok
08/03/2024;22:16:10;2.33;93.90;15.77;286;16.09;282;-55;Ok
08/03/2024;22:17:18;2.28;93.90;20.12;291;20.92;289;-55;Ok
08/03/2024;22:19:50;2.28;94.10;16.09;290;19.31;290;-55;Ok
08/03/2024;22:21:40;2.22;94.20;14.22;294;16.09;290;-55;Ok
08/03/2024;22:23:30;2.28;94.20;17.54;295;19.31;294;-55;Ok
08/03/2024;22:25:20;2.22;94.40;15.29;294;16.09;291;-55;Ok
08/03/2024;22:28:05;2.22;94.50;16.76;299;19.31;305;-55;Ok
08/03/2024;22:29:57;2.22;94.50;16.09;299;16.09;297;-55;Ok
08/03/2024;22:32:40;2.22;94.70;16.90;301;17.70;300;-55;Ok
08/03/2024;22:34:32;2.28;94.90;16.90;300;17.70;301;-55;Ok
08/03/2024;22:36:20;2.25;94.70;16.58;294;17.70;293;-55;Ok
08/03/2024;22:37:29;2.28;94.70;16.09;293;16.09;291;-55;Ok
08/03/2024;22:40:00;2.29;95.00;16.70;289;20.92;281;-55;Ok
08/03/2024;22:40:55;2.33;94.90;14.08;288;14.48;289;-55;Ok
08/03/2024;22:43:40;2.40;94.70;16.50;287;17.70;294;-55;Ok
08/03/2024;22:44:35;2.39;94.80;15.77;294;17.70;294;-55;Ok
08/03/2024;22:46:27;2.33;94.50;13.68;305;14.48;301;-55;Ok
08/03/2024;22:48:15;2.33;94.70;13.75;297;16.09;297;-55;Ok
08/03/2024;22:50:07;2.33;94.80;14.48;292;16.09;287;-55;Ok
08/03/2024;22:51:55;2.28;94.80;14.62;296;16.09;294;-55;Ok
08/03/2024;22:53:47;2.28;94.90;15.29;298;16.09;297;-55;Ok
08/03/2024;22:55:38;2.22;94.90;13.68;297;14.48;297;-56;Ok
08/03/2024;22:57:25;2.22;94.80;11.59;289;12.87;290;-55;Ok
08/03/2024;23:00:10;2.22;94.90;11.50;294;12.87;298;-56;Ok
08/03/2024;23:02:00;2.22;94.90;11.41;291;12.87;285;-56;Ok
08/03/2024;23:03:06;2.17;95.00;13.28;297;14.48;297;-56;Ok
08/03/2024;23:04:45;2.20;95.00;13.28;286;14.48;287;-57;Ok
08/03/2024;23:06:38;2.17;95.10;12.07;289;12.87;290;-56;Ok
08/03/2024;23:08:28;2.17;95.20;12.87;287;12.87;289;-56;Ok
08/03/2024;23:10:15;2.17;95.30;13.95;288;16.09;290;-57;Ok
08/03/2024;23:13:00;2.20;95.40;13.41;282;14.48;285;-57;Ok
08/03/2024;23:14:50;2.17;95.40;13.41;281;14.48;286;-57;Ok
08/03/2024;23:16:40;2.17;95.40;12.47;282;14.48;283;-56;Ok
08/03/2024;23:18:41;2.17;95.50;13.48;281;14.48;285;-56;Ok
08/03/2024;23:20:23;2.22;95.60;13.68;283;14.48;283;-56;Ok
08/03/2024;23:22:10;2.22;95.60;12.55;286;12.87;290;-55;Ok
08/03/2024;23:24:11;2.22;95.60;11.27;291;11.27;293;-55;Ok
08/03/2024;23:26:45;2.22;95.60;10.24;294;12.87;297;-56;Ok
08/03/2024;23:27:54;2.22;95.60;10.86;294;11.27;302;-55;Ok
08/03/2024;23:30:25;2.22;95.60;11.47;294;12.87;304;-56;Ok
08/03/2024;23:31:31;2.22;95.60;11.67;293;12.87;294;-55;Ok
08/03/2024;23:33:13;2.22;95.70;14.48;291;14.48;293;-55;Ok
08/03/2024;23:35:00;2.28;95.70;11.80;285;12.87;283;-55;Ok
08/03/2024;23:36:50;2.28;95.70;10.46;292;12.87;293;-55;Ok
08/03/2024;23:38:40;2.28;95.60;11.85;296;14.48;294;-55;Ok
08/03/2024;23:40:30;2.28;95.70;12.61;300;12.87;302;-55;Ok
08/03/2024;23:43:15;2.28;95.60;11.37;301;12.87;309;-55;Ok
08/03/2024;23:45:08;2.22;95.60;11.27;313;12.87;316;-55;Ok
08/03/2024;23:46:55;2.19;95.40;13.08;307;14.48;313;-55;Ok
08/03/2024;23:48:45;2.17;95.50;12.34;309;12.87;309;-55;Ok
08/03/2024;23:50:35;2.14;95.50;13.04;309;14.48;312;-55;Ok
08/03/2024;23:52:39;2.17;95.60;13.28;311;14.48;306;-55;Ok
08/03/2024;23:55:10;2.11;95.70;12.58;306;14.48;310;-55;Ok
08/03/2024;23:57:03;2.11;95.90;10.46;311;11.27;312;-55;Ok
08/03/2024;23:58:50;2.12;95.80;11.97;301;14.48;301;-55;Ok
