12-3-2024;0:1:9;0.43;72.60;24.03;237;25.75;245;-77;Ok
12-3-2024;0:3:43;0.44;72.60;21.61;233;24.14;242;-77;Ok
12-3-2024;0:5:28;0.33;73.10;18.51;232;19.31;230;-76;Ok
12-3-2024;0:7:59;0.29;72.90;22.13;229;24.14;237;-77;Ok
12-3-2024;0:10:33;0.33;72.20;23.34;224;24.14;230;-77;Ok
12-3-2024;0:11:24;0.33;72.00;20.92;230;22.53;232;-77;Ok
12-3-2024;0:12:28;0.33;72.20;21.73;222;22.53;219;-77;Ok
12-3-2024;0:14:49;0.44;72.10;31.04;227;33.80;230;-76;Ok
12-3-2024;0:16:31;0.54;73.00;31.82;224;35.41;222;-76;Ok
12-3-2024;0:18:27;0.67;73.10;35.00;226;38.62;226;-77;Ok
12-3-2024;0:21:39;0.69;73.20;36.37;226;40.23;228;-77;Ok
12-3-2024;0:24:13;0.67;74.60;28.16;228;30.58;230;-77;Ok
12-3-2024;0:25:58;0.67;75.90;26.55;247;27.36;243;-77;Ok
12-3-2024;0:27:38;0.85;75.40;29.18;243;35.41;242;-78;Ok
12-3-2024;0:29:20;0.89;74.60;29.77;250;33.80;245;-77;Ok
12-3-2024;0:31:3;0.94;74.20;26.02;249;28.97;259;-76;Ok
12-3-2024;0:32:48;0.94;73.20;35.81;256;38.62;255;-77;Ok
12-3-2024;0:34:41;1.00;73.80;26.29;246;28.97;254;-77;Ok
12-3-2024;0:37:14;0.94;74.10;28.65;256;30.58;253;-77;Ok
12-3-2024;0:39:38;0.89;75.10;24.14;251;25.75;253;-77;Ok
12-3-2024;0:41:18;0.89;75.10;22.53;250;24.14;261;-78;Ok
12-3-2024;0:43:11;0.89;75.10;21.73;254;24.14;247;-78;Ok
12-3-2024;0:44:43;0.89;75.20;22.71;253;24.14;254;-76;Ok
12-3-2024;0:45:44;0.89;75.20;25.75;256;27.36;257;-77;Ok
12-3-2024;0:48:8;0.89;74.60;23.34;248;27.36;249;-77;Ok
12-3-2024;0:49:50;0.89;73.50;23.07;253;24.14;258;-77;Ok
12-3-2024;0:50:44;0.89;73.60;20.12;258;20.92;259;-78;Ok
12-3-2024;0:52:27;0.89;72.60;22.53;254;22.53;259;-77;Ok
12-3-2024;0:54:58;0.89;73.00;19.75;250;20.92;253;-78;Ok
12-3-2024;0:56:40;0.87;73.60;19.58;249;22.53;249;-76;Ok
12-3-2024;0:58:26;0.83;73.40;16.09;256;16.09;257;-77;Ok
12-3-2024;1:0:57;0.83;73.00;19.10;256;22.53;255;-78;Ok
12-3-2024;1:2:39;0.86;73.50;13.17;261;14.48;265;-76;Ok
12-3-2024;1:4:22;0.83;73.50;15.83;268;16.09;270;-77;Ok
12-3-2024;1:6:4;0.78;73.40;15.59;265;17.70;267;-76;Ok
12-3-2024;1:8:0;0.78;72.40;17.70;260;17.70;269;-76;Ok
12-3-2024;1:9:29;0.78;71.70;13.46;256;14.48;262;-77;Ok
12-3-2024;1:11:12;0.83;71.60;12.61;244;12.87;250;-76;Ok
12-3-2024;1:12:54;0.78;71.90;14.89;236;16.09;234;-77;Ok
12-3-2024;1:14:37;0.72;72.00;15.59;246;16.09;243;-77;Ok
12-3-2024;1:16:19;0.72;72.00;13.90;259;16.09;261;-77;Ok
12-3-2024;1:18:2;0.72;72.10;14.48;266;16.09;267;-77;Ok
12-3-2024;1:19:44;0.72;72.10;14.89;263;16.09;258;-78;Ok
12-3-2024;1:22:18;0.67;72.10;15.65;263;17.70;263;-77;Ok
12-3-2024;1:24:3;0.78;71.50;16.90;260;17.70;261;-78;Ok
12-3-2024;1:25:53;0.83;71.70;16.50;264;17.70;267;-77;Ok
12-3-2024;1:26:37;0.78;71.50;18.11;261;19.31;265;-78;Ok
12-3-2024;1:28:17;0.80;72.50;16.78;260;17.70;255;-77;Ok
12-3-2024;1:29:59;0.78;74.30;21.46;266;25.75;267;-77;Ok
12-3-2024;1:31:42;0.89;74.30;22.73;259;24.14;262;-78;Ok
12-3-2024;1:34:16;0.88;73.60;28.26;262;32.19;265;-77;Ok
12-3-2024;1:36:49;0.87;73.00;24.14;258;27.36;253;-77;Ok
12-3-2024;1:38:42;0.83;72.60;28.16;268;30.58;270;-77;Ok
12-3-2024;1:41:6;0.86;72.70;30.87;266;37.01;267;-77;Ok
12-3-2024;1:42:48;0.86;73.10;27.51;266;28.97;263;-78;Ok
12-3-2024;1:44:31;0.89;73.40;30.58;267;33.80;261;-77;Ok
12-3-2024;1:47:5;0.85;73.00;25.29;268;27.36;266;-77;Ok
12-3-2024;1:48:9;0.78;72.30;25.75;274;27.36;265;-77;Ok
12-3-2024;1:50:40;0.78;71.10;23.60;269;28.97;273;-77;Ok
12-3-2024;1:52:15;0.72;71.90;18.51;267;19.31;270;-77;Ok
12-3-2024;1:53:16;0.78;71.90;25.21;271;27.36;269;-77;Ok
12-3-2024;1:55:40;0.78;72.70;19.31;275;20.92;275;-76;Ok
12-3-2024;1:57:22;0.72;73.20;22.53;270;24.14;270;-77;Ok
12-3-2024;1:59:5;0.72;72.70;16.90;275;17.70;273;-76;Ok
12-3-2024;2:1:36;0.76;72.10;18.51;274;20.92;277;-77;Ok
12-3-2024;2:4:10;0.78;72.10;16.63;271;17.70;271;-78;Ok
12-3-2024;2:5:55;0.78;71.90;17.70;266;17.70;274;-77;Ok
12-3-2024;2:7:35;0.81;71.50;18.32;271;20.92;271;-77;Ok
12-3-2024;2:9:17;0.83;71.00;17.54;269;20.92;262;-77;Ok
12-3-2024;2:11:0;0.89;70.80;15.29;266;17.70;270;-78;Ok
12-3-2024;2:12:45;0.94;70.60;12.87;262;12.87;263;-76;Ok
12-3-2024;2:15:16;0.89;70.90;16.82;269;19.31;278;-78;Ok
12-3-2024;2:16:58;0.93;70.10;13.62;257;16.09;255;-78;Ok
12-3-2024;2:18:44;0.94;70.30;15.29;256;16.09;253;-78;Ok
12-3-2024;2:21:15;0.94;70.40;17.56;262;19.31;266;-78;Ok
12-3-2024;2:22:57;0.97;70.70;18.67;263;20.92;266;-78;Ok
12-3-2024;2:24:40;1.00;71.10;18.24;261;19.31;263;-78;Ok
12-3-2024;2:25:41;1.00;71.20;17.30;262;17.70;267;-76;Ok
12-3-2024;2:28:5;0.96;71.70;21.02;253;22.53;265;-76;Ok
12-3-2024;2:29:47;1.00;72.00;18.00;257;19.31;258;-78;Ok
12-3-2024;2:31:30;0.94;72.30;18.51;259;19.31;261;-78;Ok
12-3-2024;2:34:4;0.94;72.40;16.60;257;19.31;261;-78;Ok
12-3-2024;2:35:8;1.00;72.50;16.90;255;17.70;258;-78;Ok
12-3-2024;2:36:37;0.97;71.90;23.01;258;32.19;262;-77;Ok
12-3-2024;2:39:14;0.89;70.20;25.75;259;27.36;261;-77;Ok
12-3-2024;2:41:45;0.89;70.60;28.36;259;32.19;266;-77;Ok
12-3-2024;2:43:27;0.89;71.30;25.46;266;28.97;274;-77;Ok
12-3-2024;2:45:10;0.83;70.70;28.25;272;30.58;273;-78;Ok
12-3-2024;2:47:44;0.89;70.60;27.70;263;28.97;269;-77;Ok
12-3-2024;2:49:26;0.89;70.70;32.19;263;35.41;261;-77;Ok
12-3-2024;2:51:9;0.89;72.10;33.15;263;35.41;267;-77;Ok
12-3-2024;2:52:54;0.89;71.10;37.01;274;37.01;274;-76;Ok
12-3-2024;2:54:34;0.89;71.60;36.59;266;40.23;269;-77;Ok
12-3-2024;2:57:7;0.87;68.90;31.04;273;35.41;277;-78;Ok
12-3-2024;2:59:41;0.89;70.00;23.55;271;25.75;274;-77;Ok
12-3-2024;3:2:15;0.83;71.10;23.12;281;25.75;279;-77;Ok
12-3-2024;3:3:57;0.87;70.30;20.18;285;24.14;287;-78;Ok
12-3-2024;3:5:50;0.89;69.70;26.55;303;28.97;304;-77;Ok
12-3-2024;3:6:44;0.89;68.80;33.80;292;35.41;294;-77;Ok
12-3-2024;3:8:27;0.94;68.70;38.62;285;40.23;283;-78;Ok
12-3-2024;3:9:56;1.00;69.00;40.53;295;45.06;300;-77;Ok
12-3-2024;3:11:39;1.06;71.50;37.28;280;41.84;275;-77;Ok
12-3-2024;3:13:21;1.06;74.60;39.43;255;43.45;255;-78;Ok
12-3-2024;3:15:4;1.11;75.50;38.92;244;43.45;245;-76;Ok
12-3-2024;3:16:46;1.17;73.30;42.97;243;45.06;243;-77;Ok
12-3-2024;3:18:29;1.11;73.80;36.75;242;38.62;247;-77;Ok
12-3-2024;3:19:33;1.06;73.00;34.60;236;35.41;235;-76;Ok
12-3-2024;3:21:54;0.98;74.50;29.61;237;35.41;247;-78;Ok
12-3-2024;3:23:36;0.94;73.70;28.16;238;28.97;238;-78;Ok
12-3-2024;3:25:19;0.89;74.10;24.83;234;27.36;239;-77;Ok
12-3-2024;3:27:4;0.89;73.60;28.97;227;30.58;224;-78;Ok
12-3-2024;3:29:35;1.00;70.10;28.82;224;32.19;230;-77;Ok
12-3-2024;3:32:9;1.06;72.80;18.71;231;20.92;232;-78;Ok
12-3-2024;3:33:13;0.94;73.80;20.12;231;20.92;231;-77;Ok
12-3-2024;3:35:34;0.91;74.90;19.54;230;22.53;235;-76;Ok
12-3-2024;3:37:16;0.83;75.10;20.43;230;22.53;227;-76;Ok
12-3-2024;3:39:2;0.83;75.70;21.73;246;22.53;246;-77;Ok
12-3-2024;3:41:33;0.78;73.60;23.44;245;32.19;250;-78;Ok
12-3-2024;3:43:15;0.89;71.20;24.14;253;24.14;254;-78;Ok
12-3-2024;3:44:58;0.83;70.70;22.80;251;24.14;254;-77;Ok
12-3-2024;3:47:42;0.89;71.40;21.02;255;24.14;255;-78;Ok
12-3-2024;3:49:14;0.89;71.50;25.48;255;28.97;258;-78;Ok
12-3-2024;3:51:7;0.94;71.50;26.76;264;28.97;266;-77;Ok
12-3-2024;3:52:52;0.89;70.30;27.36;253;27.36;255;-76;Ok
12-3-2024;3:55:13;0.94;71.20;26.45;259;32.19;269;-78;Ok
12-3-2024;3:57:49;0.94;72.60;31.38;262;32.19;262;-78;Ok
12-3-2024;3:59:42;0.94;72.00;24.14;267;24.14;263;-77;Ok
12-3-2024;4:2:3;0.96;71.60;28.36;256;30.58;257;-78;Ok
12-3-2024;4:3:56;1.00;71.70;30.98;266;32.19;269;-78;Ok
12-3-2024;4:5:28;0.94;72.30;24.68;264;27.36;259;-78;Ok
12-3-2024;4:7:13;0.89;73.10;20.92;261;22.53;262;-77;Ok
12-3-2024;4:9:44;0.89;73.90;24.87;267;25.75;274;-78;Ok
12-3-2024;4:12:18;0.86;73.70;20.92;263;22.53;270;-78;Ok
12-3-2024;4:14:52;0.90;72.50;21.57;253;25.75;257;-78;Ok
12-3-2024;4:16:34;0.94;72.60;22.53;260;27.36;262;-78;Ok
12-3-2024;4:18:17;0.89;73.00;19.63;261;22.53;267;-77;Ok
12-3-2024;4:20:2;0.89;73.70;14.48;257;14.48;259;-77;Ok
12-3-2024;4:21:55;0.89;74.30;25.75;269;27.36;261;-77;Ok
12-3-2024;4:24:26;0.89;75.10;26.29;265;27.36;262;-77;Ok
12-3-2024;4:26:1;0.89;73.70;24.14;263;24.14;263;-77;Ok
12-3-2024;4:28:32;0.88;72.70;28.26;262;32.19;269;-77;Ok
12-3-2024;4:30:14;0.89;71.70;28.38;259;30.58;259;-78;Ok
12-3-2024;4:32:7;0.89;72.70;27.59;269;32.19;271;-78;Ok
12-3-2024;4:33:39;0.89;72.50;31.38;261;32.19;246;-77;Ok
12-3-2024;4:35:22;0.89;71.70;27.49;259;30.58;265;-76;Ok
12-3-2024;4:37:7;0.89;72.10;28.97;267;28.97;275;-77;Ok
12-3-2024;4:38:49;0.89;71.90;30.58;273;30.58;271;-78;Ok
12-3-2024;4:40:32;0.89;71.90;35.00;268;37.01;271;-77;Ok
12-3-2024;4:43:3;0.94;72.60;30.58;260;32.19;261;-78;Ok
12-3-2024;4:44:46;0.94;73.00;30.90;271;33.80;269;-77;Ok
12-3-2024;4:46:38;0.94;73.80;32.19;259;35.41;265;-78;Ok
12-3-2024;4:47:22;0.94;73.00;32.99;259;35.41;257;-78;Ok
12-3-2024;4:49:2;0.94;73.90;28.32;262;30.58;258;-78;Ok
12-3-2024;4:50:44;0.89;74.20;27.09;265;30.58;265;-78;Ok
12-3-2024;4:53:18;0.90;73.80;30.00;259;33.80;266;-77;Ok
12-3-2024;4:55:52;0.94;73.10;27.90;258;30.58;261;-78;Ok
12-3-2024;4:58:26;0.94;71.10;26.82;260;28.97;261;-76;Ok
12-3-2024;4:59:27;0.94;71.60;33.80;260;33.80;258;-78;Ok
12-3-2024;5:1:51;0.94;71.20;28.67;259;32.19;271;-78;Ok
12-3-2024;5:3:33;0.94;71.30;25.02;254;28.97;254;-77;Ok
12-3-2024;5:5:16;0.94;72.60;20.92;270;22.53;270;-78;Ok
12-3-2024;5:7:50;0.90;70.90;29.87;269;33.80;275;-78;Ok
12-3-2024;5:8:54;0.94;71.40;26.29;269;28.97;265;-77;Ok
12-3-2024;5:11:15;0.89;71.80;26.02;266;27.36;266;-78;Ok
12-3-2024;5:13:0;0.89;70.90;27.36;265;27.36;263;-77;Ok
12-3-2024;5:14:32;0.89;70.40;24.14;269;25.75;271;-78;Ok
12-3-2024;5:16:22;0.89;71.50;23.82;261;28.97;257;-76;Ok
12-3-2024;5:18:5;0.94;70.80;23.60;260;25.75;266;-78;Ok
12-3-2024;5:19:50;0.94;69.80;21.73;259;22.53;261;-76;Ok
12-3-2024;5:22:21;0.94;70.30;23.54;256;28.97;247;-78;Ok
12-3-2024;5:24:3;0.92;70.70;20.76;259;22.53;263;-78;Ok
12-3-2024;5:25:46;0.89;70.10;23.34;260;27.36;266;-78;Ok
12-3-2024;5:27:31;0.89;70.20;26.15;259;28.97;259;-77;Ok
12-3-2024;5:29:11;0.89;69.70;27.25;252;30.58;255;-77;Ok
12-3-2024;5:30:53;0.94;69.00;23.82;264;25.75;263;-78;Ok
12-3-2024;5:32:36;0.92;68.50;27.16;262;30.58;266;-77;Ok
12-3-2024;5:34:18;0.94;67.60;27.07;260;30.58;262;-77;Ok
12-3-2024;5:36:52;1.00;67.90;21.65;258;22.53;263;-78;Ok
12-3-2024;5:37:43;0.97;67.80;25.15;262;27.36;263;-78;Ok
12-3-2024;5:39:29;1.00;67.80;22.53;264;22.53;271;-76;Ok
12-3-2024;5:42:0;1.00;69.90;23.44;261;25.75;254;-77;Ok
12-3-2024;5:43:42;1.00;71.20;20.12;268;20.92;269;-76;Ok
12-3-2024;5:45:25;0.94;69.10;26.82;259;28.97;261;-78;Ok
12-3-2024;5:46:26;1.00;69.00;23.74;267;25.75;261;-78;Ok
12-3-2024;5:48:50;0.96;68.90;30.98;266;35.41;267;-77;Ok
12-3-2024;5:50:43;0.97;68.70;26.15;275;28.97;282;-78;Ok
12-3-2024;5:52:15;0.94;69.20;27.09;266;28.97;262;-78;Ok
12-3-2024;5:54:0;1.00;68.40;24.14;274;25.75;273;-77;Ok
12-3-2024;5:55:53;0.94;68.70;29.50;268;30.58;259;-77;Ok
12-3-2024;5:57:22;0.97;68.20;30.09;260;33.80;265;-76;Ok
12-3-2024;5:59:59;1.06;66.70;25.75;274;25.75;275;-77;Ok
12-3-2024;6:2:30;1.04;69.00;21.78;262;24.14;257;-77;Ok
12-3-2024;6:4:12;1.00;69.50;23.85;269;28.97;269;-77;Ok
12-3-2024;6:5:55;1.06;69.00;21.64;265;24.14;271;-77;Ok
12-3-2024;6:7:37;0.97;68.50;25.85;263;27.36;279;-76;Ok
12-3-2024;6:10:11;1.00;68.40;23.26;268;25.75;269;-77;Ok
12-3-2024;6:11:54;0.94;69.50;21.99;269;25.75;270;-77;Ok
12-3-2024;6:15:19;0.99;71.90;21.99;265;25.75;273;-78;Ok
12-3-2024;6:17:1;0.94;73.00;20.92;266;22.53;269;-78;Ok
12-3-2024;6:18:44;0.94;73.10;21.73;265;24.14;259;-78;Ok
12-3-2024;6:20:29;0.89;73.60;17.70;273;17.70;281;-77;Ok
12-3-2024;6:23:0;0.86;73.60;20.63;272;22.53;271;-78;Ok
12-3-2024;6:24:43;0.85;73.90;21.91;273;25.75;273;-78;Ok
12-3-2024;6:27:16;0.87;73.80;22.32;273;24.14;273;-77;Ok
12-3-2024;6:28:59;0.85;73.70;21.32;280;27.36;289;-78;Ok
12-3-2024;6:30:41;0.83;74.10;22.24;286;27.36;301;-77;Ok
12-3-2024;6:32:24;0.83;73.60;27.90;282;30.58;285;-77;Ok
12-3-2024;6:34:6;0.83;74.00;22.13;284;24.14;281;-77;Ok
12-3-2024;6:35:49;0.83;74.30;20.04;280;22.53;283;-77;Ok
12-3-2024;6:38:23;0.78;74.70;18.35;279;22.53;277;-77;Ok
12-3-2024;6:40:15;0.78;74.90;19.71;278;20.92;277;-78;Ok
12-3-2024;6:42:39;0.78;73.70;23.03;278;25.75;277;-76;Ok
12-3-2024;6:44:21;0.78;73.10;20.38;283;20.92;291;-78;Ok
12-3-2024;6:46:4;0.78;72.50;21.46;277;24.14;282;-78;Ok
12-3-2024;6:47:49;0.78;72.30;22.93;289;25.75;296;-76;Ok
12-3-2024;6:49:29;0.76;71.90;21.12;286;24.14;285;-77;Ok
12-3-2024;6:52:3;0.83;70.60;24.41;283;25.75;282;-77;Ok
12-3-2024;6:53:48;0.83;70.90;22.53;280;22.53;274;-77;Ok
12-3-2024;6:55:28;0.78;71.80;19.75;281;22.53;281;-78;Ok
12-3-2024;6:57:10;0.72;72.50;18.83;281;22.53;287;-77;Ok
12-3-2024;6:58:53;0.72;73.20;24.94;278;27.36;278;-77;Ok
12-3-2024;7:0:38;0.78;72.80;22.53;287;24.14;287;-77;Ok
12-3-2024;7:2:18;0.76;73.40;21.73;277;25.75;286;-78;Ok
12-3-2024;7:4:0;0.78;73.60;18.78;276;20.92;282;-78;Ok
12-3-2024;7:5:43;0.78;73.60;23.07;280;24.14;281;-77;Ok
12-3-2024;7:8:17;0.72;73.70;22.03;278;25.75;274;-77;Ok
12-3-2024;7:9:21;0.72;73.30;25.75;268;25.75;270;-77;Ok
12-3-2024;7:11:44;0.72;73.50;21.99;277;22.53;271;-78;Ok
12-3-2024;7:13:27;0.78;73.90;21.73;279;22.53;285;-77;Ok
12-3-2024;7:15:58;0.75;73.10;20.52;270;24.14;265;-78;Ok
12-3-2024;7:17:40;0.75;73.60;17.26;275;19.31;271;-78;Ok
12-3-2024;7:18:34;0.78;73.10;19.31;289;20.92;293;-77;Ok
12-3-2024;7:21:8;0.78;72.00;22.13;281;24.14;278;-78;Ok
12-3-2024;7:22:48;0.78;71.40;25.55;275;28.97;282;-78;Ok
12-3-2024;7:24:30;0.83;70.90;26.23;281;30.58;279;-77;Ok
12-3-2024;7:26:13;0.83;72.50;20.56;279;24.14;269;-77;Ok
12-3-2024;7:27:58;0.78;73.50;25.75;284;27.36;289;-78;Ok
12-3-2024;7:30:29;0.78;73.40;26.55;281;30.58;283;-76;Ok
12-3-2024;7:33:3;0.78;73.70;22.53;274;25.75;271;-78;Ok
12-3-2024;7:35:37;0.78;73.40;18.71;277;20.92;279;-76;Ok
12-3-2024;7:37:19;0.75;73.10;25.16;274;27.36;271;-78;Ok
12-3-2024;7:40:6;0.72;73.10;23.74;273;25.75;274;-78;Ok
12-3-2024;7:42:27;0.72;73.20;23.13;274;25.75;285;-78;Ok
12-3-2024;7:44:9;0.72;72.60;24.58;276;25.75;275;-77;Ok
12-3-2024;7:45:52;0.72;73.10;21.19;273;24.14;270;-77;Ok
12-3-2024;7:47:34;0.72;73.10;22.03;272;25.75;278;-78;Ok
12-3-2024;7:49:30;0.72;73.20;22.53;267;24.14;266;-78;Ok
12-3-2024;7:50:59;0.72;73.30;22.53;279;25.75;281;-77;Ok
12-3-2024;7:52:42;0.72;72.80;21.17;282;22.53;282;-78;Ok
12-3-2024;7:55:16;0.72;72.20;21.04;270;24.14;267;-77;Ok
12-3-2024;7:56:20;0.78;72.50;14.48;275;14.48;279;-78;Ok
12-3-2024;7:58:51;0.72;73.00;18.31;267;20.92;277;-78;Ok
12-3-2024;8:0:26;0.72;73.20;17.70;275;17.70;269;-77;Ok
12-3-2024;8:2:6;0.69;73.00;19.15;282;20.92;283;-78;Ok
12-3-2024;8:4:39;0.67;72.40;19.58;282;20.92;281;-78;Ok
12-3-2024;8:6:22;0.67;72.60;17.01;285;19.31;294;-77;Ok
12-3-2024;8:7:23;0.67;72.70;20.92;287;22.53;290;-77;Ok
12-3-2024;8:9:47;0.67;73.00;18.31;281;20.92;271;-77;Ok
12-3-2024;8:11:29;0.67;72.90;21.99;286;24.14;286;-78;Ok
12-3-2024;8:13:12;0.67;72.60;21.84;288;22.53;293;-77;Ok
12-3-2024;8:15:46;0.72;71.80;25.43;282;27.36;278;-78;Ok
12-3-2024;8:17:28;0.72;71.40;24.43;278;27.36;278;-78;Ok
12-3-2024;8:20:5;0.67;72.50;16.09;277;17.70;282;-76;Ok
12-3-2024;8:21:45;0.67;72.30;21.07;269;24.14;270;-78;Ok
12-3-2024;8:22:49;0.67;71.40;17.70;269;19.31;271;-78;Ok
12-3-2024;8:24:18;0.67;70.80;17.41;269;19.31;270;-78;Ok
12-3-2024;8:26:1;0.67;71.80;18.24;276;20.92;273;-78;Ok
12-3-2024;8:27:46;0.67;72.10;17.70;274;17.70;275;-77;Ok
12-3-2024;8:29:39;0.72;72.80;15.56;271;17.70;271;-78;Ok
12-3-2024;8:32:51;0.70;73.40;20.79;265;24.14;273;-84;Ok
12-3-2024;8:33:45;0.72;72.70;19.31;264;19.31;267;-74;Ok
12-3-2024;8:35:25;0.69;72.70;20.79;268;24.14;277;-83;Ok
12-3-2024;8:37:7;0.67;72.90;26.21;264;27.36;265;-71;Ok
12-3-2024;8:38:50;0.72;73.20;21.24;275;22.53;274;-72;Ok
12-3-2024;8:40:45;0.72;73.30;24.94;278;25.75;275;-71;Ok
12-3-2024;8:43:6;0.68;73.30;19.81;273;22.53;283;-71;Ok
12-3-2024;8:44:48;0.67;72.80;20.92;267;22.53;279;-71;Ok
12-3-2024;8:46:31;0.67;72.80;16.50;272;17.70;269;-72;Ok
12-3-2024;8:48:16;0.67;72.80;21.73;273;22.53;279;-71;Ok
12-3-2024;8:49:56;0.67;71.60;24.89;271;25.75;278;-72;Ok
12-3-2024;8:52:30;0.67;72.30;22.53;270;24.14;271;-70;Ok
12-3-2024;8:54:25;0.72;72.00;21.73;270;22.53;271;-71;Ok
12-3-2024;8:56:46;0.72;72.00;19.71;266;22.53;274;-71;Ok
12-3-2024;8:58:28;0.72;73.10;22.38;268;24.14;274;-71;Ok
12-3-2024;8:59:22;0.72;73.20;23.34;265;24.14;262;-71;Ok
12-3-2024;9:1:5;0.72;73.20;15.29;279;16.09;275;-71;Ok
12-3-2024;9:4:14;0.72;-1.00;15.56;271;17.70;271;-70;Ok
12-3-2024;9:6:10;0.72;73.00;21.24;268;22.53;270;-71;Ok
12-3-2024;9:7:52;0.72;73.20;17.49;274;20.92;283;-71;Ok
12-3-2024;9:9:48;0.72;73.10;16.09;277;16.09;279;-69;Ok
12-3-2024;9:12:19;0.69;73.20;16.27;282;17.70;287;-71;Ok
12-3-2024;9:13:51;0.72;73.20;16.09;285;19.31;291;-71;Ok
12-3-2024;9:16:38;0.72;73.30;15.02;283;16.09;286;-69;Ok
12-3-2024;9:18:7;0.72;73.20;18.02;282;19.31;289;-71;Ok
12-3-2024;9:19:52;0.72;73.50;12.07;282;12.87;279;-69;Ok
12-3-2024;9:22:24;0.75;74.10;13.68;286;16.09;291;-71;Ok
12-3-2024;9:24:6;0.78;74.50;13.68;271;16.09;269;-71;Ok
12-3-2024;9:26:40;0.78;74.30;16.09;273;16.09;275;-71;Ok
12-3-2024;9:28:22;0.78;74.20;15.49;277;17.70;282;-71;Ok
12-3-2024;9:30:56;0.78;74.10;15.56;294;17.70;294;-71;Ok
12-3-2024;9:32:39;0.78;73.60;16.09;295;17.70;291;-71;Ok
12-3-2024;9:36:4;0.78;73.80;16.74;273;17.70;285;-71;Ok
12-3-2024;9:38:38;0.83;74.20;13.95;284;16.09;286;-71;Ok
12-3-2024;9:40:23;0.78;73.80;12.87;305;12.87;302;-71;Ok
12-3-2024;9:42:54;0.83;73.70;18.71;300;19.31;308;-71;Ok
12-3-2024;9:45:28;0.83;73.80;16.90;301;17.70;306;-70;Ok
12-3-2024;9:49:3;0.83;73.80;12.87;310;14.48;310;-71;Ok
12-3-2024;9:50:45;0.83;73.80;14.48;288;14.48;289;-71;Ok
12-3-2024;9:52:1;999.90;-1.00;-1.00;-1;-1.00;-1;0;--
12-3-2024;9:56:34;0.89;74.00;12.87;289;14.48;296;-73;Ok
12-3-2024;9:59:10;0.89;73.50;13.68;289;14.48;290;-73;Ok
12-3-2024;10:0:9;0.94;73.80;13.28;286;14.48;283;-72;Ok
12-3-2024;10:1:41;0.94;73.60;14.89;292;16.09;287;-72;Ok
12-3-2024;10:4:15;0.94;73.40;12.34;282;14.48;293;-73;Ok
12-3-2024;10:6:49;0.94;72.90;19.49;294;22.53;301;-74;Ok
12-3-2024;10:9:5;0.94;73.00;15.17;295;16.09;291;-73;Ok
12-3-2024;10:11:5;0.97;73.80;13.36;300;14.48;301;-72;Ok
12-3-2024;10:13:39;0.97;73.70;11.06;283;12.87;287;-73;Ok
12-3-2024;10:14:40;1.00;73.50;16.50;287;17.70;282;-73;Ok
12-3-2024;10:16:13;0.97;73.50;14.16;300;14.48;297;-73;Ok
12-3-2024;10:17:55;0.97;73.40;12.07;300;12.87;306;-73;Ok
12-3-2024;10:19:38;1.00;73.90;13.41;299;14.48;297;-73;Ok
12-3-2024;10:21:23;1.00;73.50;14.48;305;16.09;309;-73;Ok
12-3-2024;10:24:4;1.06;73.50;13.25;292;16.09;290;-73;Ok
12-3-2024;10:25:37;1.06;72.20;17.17;298;19.31;298;-72;Ok
12-3-2024;10:28:10;1.06;71.70;16.70;299;17.70;309;-73;Ok
12-3-2024;10:29:53;1.06;71.40;13.20;297;14.48;293;-73;Ok
12-3-2024;10:32:39;1.06;71.30;14.08;294;14.48;291;-73;Ok
12-3-2024;10:34:12;1.11;71.70;16.90;303;17.70;301;-73;Ok
12-3-2024;10:36:43;1.11;71.00;15.79;300;17.70;302;-73;Ok
12-3-2024;10:38:36;1.11;71.10;12.07;290;14.48;290;-72;Ok
12-3-2024;10:40:8;1.11;71.70;10.46;300;11.27;314;-73;Ok
12-3-2024;10:42:3;1.17;71.30;11.04;297;11.27;308;-73;Ok
12-3-2024;10:43:33;1.17;71.20;10.84;295;12.87;296;-72;Ok
12-3-2024;10:45:15;1.17;71.70;12.23;295;14.48;296;-72;Ok
12-3-2024;10:46:58;1.17;71.20;15.38;298;16.09;298;-73;Ok
12-3-2024;10:48:43;1.11;71.00;12.07;296;12.87;294;-73;Ok
12-3-2024;10:51:14;1.14;71.60;14.00;299;14.48;309;-72;Ok
12-3-2024;10:52:57;1.17;71.50;11.53;290;12.87;304;-72;Ok
12-3-2024;10:54:39;1.17;71.60;9.66;293;11.27;296;-72;Ok
12-3-2024;10:57:13;1.17;72.00;10.06;294;12.87;290;-72;Ok
12-3-2024;10:58:56;1.17;71.70;11.94;298;12.87;297;-74;Ok
12-3-2024;11:0:48;1.21;71.90;12.26;292;14.48;301;-73;Ok
12-3-2024;11:3:12;1.22;72.10;11.57;300;12.87;298;-72;Ok
12-3-2024;11:4:54;1.22;72.50;12.29;303;12.87;301;-73;Ok
12-3-2024;11:6:47;1.22;73.10;10.66;296;12.87;293;-72;Ok
12-3-2024;11:8:22;1.22;72.80;9.66;293;9.66;294;-72;Ok
12-3-2024;11:10:15;1.22;72.70;12.87;308;14.48;306;-73;Ok
12-3-2024;11:12:46;1.22;73.20;12.07;303;12.87;305;-73;Ok
12-3-2024;11:14:28;1.22;73.30;12.47;308;12.87;309;-73;Ok
12-3-2024;11:15:9;1.22;73.40;11.67;310;12.87;308;-71;Ok
12-3-2024;11:16:52;1.22;73.30;13.18;297;14.48;297;-73;Ok
12-3-2024;11:19:28;1.22;73.60;11.27;291;11.27;291;-71;Ok
12-3-2024;11:21:21;1.22;73.40;12.07;306;12.87;302;-72;Ok
12-3-2024;11:22:51;1.28;73.70;11.06;316;12.87;310;-72;Ok
12-3-2024;11:25:24;1.28;73.80;12.14;321;12.87;330;-72;Ok
12-3-2024;11:27:58;1.28;73.70;12.63;303;14.48;313;-74;Ok
12-3-2024;11:29:41;1.28;74.30;13.90;334;16.09;338;-72;Ok
12-3-2024;11:31:23;1.28;74.70;12.39;320;12.87;328;-73;Ok
12-3-2024;11:33:6;1.28;74.20;12.34;332;14.48;334;-72;Ok
12-3-2024;11:34:51;1.28;74.10;12.07;331;12.87;329;-72;Ok
12-3-2024;11:37:22;1.28;73.70;14.69;323;17.70;334;-72;Ok
12-3-2024;11:39:56;1.22;73.60;12.87;328;14.48;337;-72;Ok
12-3-2024;11:41:38;1.25;74.20;12.07;317;12.87;320;-73;Ok
12-3-2024;11:43:34;1.33;74.70;14.48;335;16.09;332;-72;Ok
12-3-2024;11:45:3;1.31;74.60;14.78;327;17.70;334;-72;Ok
12-3-2024;11:47:50;1.28;74.90;12.55;334;12.87;337;-71;Ok
12-3-2024;11:50:11;1.28;75.40;15.79;327;19.31;332;-73;Ok
12-3-2024;11:51:53;1.28;75.80;16.09;333;17.70;334;-72;Ok
12-3-2024;11:53:36;1.33;75.60;16.36;327;17.70;328;-72;Ok
12-3-2024;11:55:18;1.33;76.20;12.87;311;14.48;313;-72;Ok
12-3-2024;11:57:1;1.33;76.10;16.95;330;20.92;337;-72;Ok
12-3-2024;11:59:35;1.39;76.40;12.87;309;12.87;310;-73;Ok
12-3-2024;12:1:27;1.39;75.80;16.09;308;16.09;310;-71;Ok
12-3-2024;12:3:51;1.40;76.50;17.50;331;19.31;330;-72;Ok
12-3-2024;12:5:33;1.33;76.40;18.06;315;19.31;320;-73;Ok
12-3-2024;12:7:16;1.31;76.70;14.48;319;16.09;328;-74;Ok
12-3-2024;12:9:1;1.33;76.70;14.89;338;16.09;336;-72;Ok
12-3-2024;12:10:41;1.35;77.10;12.34;313;14.48;317;-72;Ok
12-3-2024;12:13:15;1.39;76.50;14.22;326;16.09;329;-72;Ok
12-3-2024;12:15:0;1.33;76.50;11.27;324;11.27;326;-72;Ok
12-3-2024;12:17:31;1.33;76.90;11.87;311;14.48;317;-73;Ok
12-3-2024;12:19:14;1.35;77.40;11.13;317;12.87;326;-73;Ok
12-3-2024;12:20:7;1.39;77.10;13.68;328;14.48;320;-72;Ok
12-3-2024;12:21:50;1.33;76.90;14.48;337;14.48;338;-71;Ok
12-3-2024;12:24:21;1.33;77.60;12.44;321;14.48;333;-72;Ok
12-3-2024;12:26:14;1.39;77.30;13.63;310;16.09;314;-72;Ok
12-3-2024;12:28:37;1.42;77.30;12.17;320;17.70;332;-72;Ok
12-3-2024;12:30:33;1.39;76.90;13.95;325;14.48;322;-73;Ok
12-3-2024;12:33:4;1.44;77.00;13.05;316;14.48;308;-73;Ok
12-3-2024;12:34:39;1.44;76.30;14.48;300;14.48;300;-72;Ok
12-3-2024;12:37:10;1.39;75.30;14.08;317;14.48;314;-72;Ok
12-3-2024;12:38:52;1.39;74.90;16.58;312;19.31;316;-72;Ok
12-3-2024;12:40:35;1.39;73.90;18.51;320;20.92;325;-72;Ok
12-3-2024;12:43:9;1.39;73.80;17.93;297;19.31;302;-73;Ok
12-3-2024;12:45:42;1.50;73.00;20.92;322;22.53;317;-72;Ok
12-3-2024;12:47:25;1.50;71.70;20.32;330;22.53;333;-72;Ok
12-3-2024;12:49:7;1.50;70.80;21.42;313;25.75;312;-74;Ok
12-3-2024;12:51:41;1.50;70.80;20.76;329;24.14;338;-73;Ok
12-3-2024;12:53:26;1.39;69.00;23.50;330;24.14;329;-72;Ok
12-3-2024;12:56:49;1.50;68.70;24.86;325;27.36;322;-72;Ok
12-3-2024;12:59:23;1.50;67.60;21.66;265;24.14;346;-72;Ok
12-3-2024;13:1:18;1.50;68.00;20.28;325;20.92;324;-73;Ok
12-3-2024;13:3:39;1.39;67.30;22.82;337;25.75;340;-72;Ok
12-3-2024;13:5:21;1.39;67.80;18.58;340;20.92;340;-73;Ok
12-3-2024;13:7:4;1.44;67.20;20.12;346;20.92;345;-72;Ok
12-3-2024;13:8:46;1.50;67.30;20.92;327;24.14;333;-73;Ok
12-3-2024;13:10:29;1.44;67.30;16.76;329;17.70;334;-71;Ok
12-3-2024;13:12:11;1.44;68.80;19.75;332;22.53;332;-72;Ok
12-3-2024;13:13:54;1.44;67.60;20.38;331;22.53;330;-72;Ok
12-3-2024;13:15:49;1.44;68.60;17.30;336;17.70;340;-72;Ok
12-3-2024;13:17:32;1.56;67.80;16.09;342;17.70;351;-72;Ok
12-3-2024;13:19:55;1.61;67.50;15.02;330;16.09;338;-73;Ok
12-3-2024;13:21:38;1.61;67.90;12.07;339;12.87;348;-72;Ok
12-3-2024;13:23:18;1.67;67.60;16.68;328;17.70;324;-71;Ok
12-3-2024;13:25:10;1.67;67.70;16.09;317;17.70;321;-72;Ok
12-3-2024;13:26:43;1.78;68.80;19.31;334;20.92;336;-72;Ok
12-3-2024;13:28:28;1.72;66.60;13.68;322;14.48;326;-72;Ok
12-3-2024;13:31:50;1.72;66.50;17.97;318;19.31;313;-73;Ok
12-3-2024;13:34:24;1.75;67.20;18.91;335;20.92;334;-72;Ok
12-3-2024;13:35:26;1.78;67.10;16.90;341;17.70;346;-72;Ok
12-3-2024;13:36:58;1.89;67.70;18.67;317;19.31;310;-73;Ok
12-3-2024;13:38:40;2.00;67.30;19.77;319;20.92;312;-72;Ok
12-3-2024;13:40:23;1.83;65.60;19.04;332;20.92;336;-72;Ok
12-3-2024;13:42:8;1.78;66.70;16.90;330;17.70;338;-73;Ok
12-3-2024;13:44:39;1.78;67.10;19.17;318;20.92;324;-72;Ok
12-3-2024;13:46:22;1.80;66.90;18.91;330;20.92;340;-72;Ok
12-3-2024;13:49:57;1.72;67.30;18.61;313;24.14;317;-72;Ok
12-3-2024;13:51:42;1.78;67.50;18.99;327;20.92;328;-72;Ok
12-3-2024;13:53:22;1.78;68.20;21.73;94;22.53;351;-73;Ok
12-3-2024;13:54:57;1.83;69.20;20.92;180;20.92;9;-73;Ok
12-3-2024;13:57:28;1.92;69.30;18.51;325;22.53;328;-72;Ok
12-3-2024;13:59:10;1.94;70.30;18.00;336;19.31;336;-73;Ok
12-3-2024;14:1:44;2.06;70.60;17.38;280;19.31;13;-73;Ok
12-3-2024;14:4:18;1.94;69.90;17.38;207;19.31;340;-73;Ok
12-3-2024;14:6:11;1.89;70.50;17.10;325;24.14;324;-72;Ok
12-3-2024;14:7:43;1.83;69.80;17.24;334;17.70;328;-72;Ok
12-3-2024;14:9:29;1.78;69.50;18.24;323;19.31;316;-73;Ok
12-3-2024;14:11:59;1.83;69.70;20.28;323;20.92;324;-72;Ok
12-3-2024;14:13:42;1.83;70.90;15.02;273;16.09;328;-73;Ok
12-3-2024;14:15:24;1.94;70.40;20.19;332;24.14;337;-73;Ok
12-3-2024;14:17:58;1.94;70.90;22.26;37;25.75;9;-74;Ok
12-3-2024;14:20:32;1.89;70.40;20.44;333;22.53;344;-72;Ok
12-3-2024;14:22:17;1.89;71.10;20.12;323;20.92;322;-72;Ok
12-3-2024;14:23:57;1.87;71.50;19.11;195;22.53;9;-72;Ok
12-3-2024;14:25:39;1.94;71.50;15.17;332;16.09;336;-73;Ok
12-3-2024;14:27:22;2.06;71.80;17.70;342;19.31;344;-72;Ok
12-3-2024;14:29:7;2.06;71.50;15.29;350;16.09;349;-72;Ok
12-3-2024;14:31:0;2.11;71.90;19.71;262;20.92;344;-73;Ok
12-3-2024;14:34:12;1.94;71.60;16.80;70;20.92;9;-73;Ok
12-3-2024;14:35:57;1.94;71.50;17.30;178;19.31;351;-71;Ok
12-3-2024;14:37:37;2.00;72.60;18.61;336;22.53;345;-74;Ok
12-3-2024;14:39:19;2.03;71.70;19.15;112;24.14;9;-73;Ok
12-3-2024;14:41:2;1.94;71.60;20.65;293;22.53;351;-73;Ok
12-3-2024;14:42:47;2.00;72.50;16.90;14;17.70;23;-73;Ok
12-3-2024;14:44:27;2.06;72.20;22.13;9;24.14;9;-72;Ok
12-3-2024;14:46:12;2.00;72.70;22.53;17;22.53;17;-73;Ok
12-3-2024;14:47:52;1.89;72.20;19.85;123;22.53;351;-73;Ok
12-3-2024;14:48:56;1.89;72.70;16.09;13;16.09;14;-73;Ok
12-3-2024;14:51:17;1.94;73.10;17.81;9;22.53;9;-72;Ok
12-3-2024;14:53:0;1.94;72.90;18.24;11;19.31;14;-72;Ok
12-3-2024;14:54:42;1.83;72.50;19.11;10;20.92;17;-73;Ok
12-3-2024;14:57:16;1.83;73.30;17.03;12;19.31;11;-73;Ok
12-3-2024;14:59:50;1.74;72.30;19.19;34;20.92;9;-73;Ok
12-3-2024;15:2:23;1.76;73.00;19.31;164;24.14;344;-73;Ok
12-3-2024;15:5:48;1.72;72.30;21.36;253;24.14;346;-73;Ok
12-3-2024;15:8:35;1.83;73.40;17.06;10;17.70;9;-73;Ok
12-3-2024;15:11:29;1.76;-1.00;17.90;32;20.92;37;-72;Ok
12-3-2024;15:12:38;1.83;73.10;20.12;23;22.53;19;-73;Ok
12-3-2024;15:14:21;1.78;73.10;19.63;25;20.92;22;-73;Ok
12-3-2024;15:16:57;1.89;73.60;18.11;25;19.31;17;-74;Ok
12-3-2024;15:18:40;1.83;72.90;20.92;32;22.53;34;-74;Ok
12-3-2024;15:20:22;1.78;73.30;16.09;18;16.09;21;-73;Ok
12-3-2024;15:22:56;1.67;73.10;18.51;18;19.31;14;-73;Ok
12-3-2024;15:25:27;1.58;73.60;19.79;27;22.53;30;-73;Ok
12-3-2024;15:27:10;1.56;74.00;14.75;29;16.09;19;-72;Ok
12-3-2024;15:29:46;1.67;74.50;12.87;24;14.48;31;-72;Ok
12-3-2024;15:31:26;1.69;74.00;16.44;12;17.70;15;-73;Ok
12-3-2024;15:33:9;1.78;74.40;16.09;27;17.70;30;-74;Ok
12-3-2024;15:34:54;1.83;73.70;14.48;34;16.09;27;-74;Ok
12-3-2024;15:37:25;1.89;73.80;21.73;30;25.75;37;-74;Ok
12-3-2024;15:39:7;1.78;72.70;17.56;25;24.14;17;-73;Ok
12-3-2024;15:40:52;1.83;73.60;18.51;17;19.31;17;-73;Ok
12-3-2024;15:42:35;1.89;74.20;20.12;23;22.53;25;-74;Ok
12-3-2024;15:45:16;1.94;74.30;15.69;24;19.31;33;-73;Ok
12-3-2024;15:47:40;1.94;74.20;19.04;29;20.92;25;-73;Ok
12-3-2024;15:50:14;1.92;74.80;19.61;32;25.75;21;-73;Ok
12-3-2024;15:51:18;1.94;74.80;17.17;35;17.70;30;-73;Ok
12-3-2024;15:54:30;1.86;74.70;22.93;22;25.75;23;-73;Ok
12-3-2024;15:56:12;1.76;75.10;20.22;25;24.14;33;-72;Ok
12-3-2024;15:58:8;1.67;75.20;20.92;24;20.92;17;-73;Ok
12-3-2024;15:59:37;1.72;76.00;21.21;27;25.75;39;-74;Ok
12-3-2024;16:1:20;1.78;75.40;22.21;37;22.53;46;-72;Ok
12-3-2024;16:3:5;1.72;75.80;19.31;30;19.31;34;-73;Ok
12-3-2024;16:4:45;1.74;75.90;24.03;23;28.97;22;-73;Ok
12-3-2024;16:7:19;1.89;76.50;18.71;28;20.92;27;-73;Ok
12-3-2024;16:9:4;1.78;75.40;24.14;21;24.14;21;-73;Ok
12-3-2024;16:10:44;1.78;76.60;22.93;40;24.14;33;-74;Ok
12-3-2024;16:13:18;1.83;76.10;22.53;41;24.14;35;-74;Ok
12-3-2024;16:15:51;1.78;76.60;21.42;33;25.75;37;-74;Ok
12-3-2024;16:17:34;1.74;76.30;20.48;31;24.14;33;-73;Ok
12-3-2024;16:20:8;1.80;76.70;19.75;46;22.53;46;-73;Ok
12-3-2024;16:22:41;1.92;76.70;21.95;28;24.14;30;-75;Ok
12-3-2024;16:24:24;1.83;76.70;18.87;32;20.92;23;-73;Ok
12-3-2024;16:26:6;1.86;76.40;20.78;27;24.14;33;-73;Ok
12-3-2024;16:27:49;1.83;76.70;16.63;34;17.70;27;-74;Ok
12-3-2024;16:29:31;1.83;76.50;22.53;46;24.14;59;-73;Ok
12-3-2024;16:31:14;1.83;76.50;23.60;49;27.36;53;-72;Ok
12-3-2024;16:32:56;1.72;76.50;22.26;42;24.14;50;-73;Ok
12-3-2024;16:34:52;1.67;76.10;25.75;49;25.75;50;-73;Ok
12-3-2024;16:37:13;1.67;76.10;26.25;42;28.97;43;-73;Ok
12-3-2024;16:38:17;1.67;76.20;24.14;51;24.14;51;-74;Ok
12-3-2024;16:40:38;1.72;76.30;17.70;43;19.31;45;-73;Ok
12-3-2024;16:42:23;1.78;76.70;19.31;61;19.31;59;-73;Ok
12-3-2024;16:45:45;1.83;77.00;17.43;55;19.31;54;-73;Ok
12-3-2024;16:47:30;1.78;76.70;23.60;46;27.36;49;-74;Ok
12-3-2024;16:49:13;1.78;77.20;22.53;41;22.53;41;-73;Ok
12-3-2024;16:50:4;1.78;77.50;20.92;58;22.53;55;-73;Ok
12-3-2024;16:52:35;1.78;77.60;25.16;50;30.58;58;-73;Ok
12-3-2024;16:55:9;1.72;77.50;26.35;46;27.36;42;-72;Ok
12-3-2024;16:57:43;1.67;77.40;23.94;43;27.36;50;-73;Ok
12-3-2024;17:0:17;1.63;77.60;21.95;45;24.14;49;-72;Ok
12-3-2024;17:2:9;1.67;77.50;24.54;52;25.75;54;-73;Ok
12-3-2024;17:4:33;1.78;77.30;25.08;45;27.36;35;-73;Ok
12-3-2024;17:7:7;1.78;77.30;25.59;47;27.36;54;-73;Ok
12-3-2024;17:9:43;1.72;77.70;27.36;53;27.36;53;-73;Ok
12-3-2024;17:11:23;1.72;77.70;25.95;52;28.97;57;-74;Ok
12-3-2024;17:13:16;1.78;77.60;27.13;54;28.97;58;-72;Ok
12-3-2024;17:14:48;1.72;77.70;25.11;58;27.36;55;-72;Ok
12-3-2024;17:16:30;1.76;77.90;24.03;56;25.75;66;-72;Ok
12-3-2024;17:18:26;1.72;77.70;22.53;56;25.75;62;-73;Ok
12-3-2024;17:20:49;1.67;77.60;27.36;55;27.36;59;-72;Ok
12-3-2024;17:21:41;1.61;77.70;30.98;51;32.19;55;-72;Ok
12-3-2024;17:23:23;1.61;77.90;27.76;50;30.58;49;-73;Ok
12-3-2024;17:25:57;1.67;77.60;25.35;54;27.36;47;-72;Ok
12-3-2024;17:28:28;1.67;77.60;23.94;62;25.75;65;-73;Ok
12-3-2024;17:30:54;1.67;77.70;25.21;64;27.36;63;-73;Ok
12-3-2024;17:32:44;1.67;77.40;27.72;59;30.58;55;-73;Ok
12-3-2024;17:34:29;1.67;77.50;23.07;61;24.14;59;-73;Ok
12-3-2024;17:36:12;1.67;77.40;24.94;63;27.36;65;-73;Ok
12-3-2024;17:38:43;1.67;77.60;23.25;60;25.75;62;-73;Ok
12-3-2024;17:40:26;1.72;77.70;24.27;57;27.36;55;-72;Ok
12-3-2024;17:42:59;1.72;77.50;24.58;62;27.36;66;-73;Ok
12-3-2024;17:44:42;1.69;77.70;27.21;65;32.19;65;-73;Ok
12-3-2024;17:46:24;1.67;77.70;25.46;66;27.36;66;-73;Ok
12-3-2024;17:48:7;1.67;78.10;24.68;67;25.75;63;-72;Ok
12-3-2024;17:50:2;1.61;77.90;24.14;66;25.75;74;-73;Ok
12-3-2024;17:51:45;1.61;78.00;28.43;61;28.97;62;-73;Ok
12-3-2024;17:54:57;1.59;78.40;24.34;63;25.75;73;-73;Ok
12-3-2024;17:58:22;1.68;78.40;23.03;64;25.75;63;-74;Ok
12-3-2024;18:0:5;1.67;78.10;26.33;65;28.97;66;-72;Ok
12-3-2024;18:1:47;1.67;78.30;24.68;71;27.36;74;-73;Ok
12-3-2024;18:3:32;1.67;78.10;23.74;67;24.14;62;-73;Ok
12-3-2024;18:5:12;1.67;78.10;22.85;64;25.75;74;-72;Ok
12-3-2024;18:7:46;1.72;77.70;24.68;58;25.75;61;-72;Ok
12-3-2024;18:9:39;1.72;77.60;23.34;65;24.14;69;-73;Ok
12-3-2024;18:12:2;1.78;77.40;22.63;61;25.75;62;-73;Ok
12-3-2024;18:13:45;1.78;77.20;25.48;66;27.36;70;-73;Ok
12-3-2024;18:15:27;1.72;77.30;23.45;65;25.75;69;-73;Ok
12-3-2024;18:18:1;1.74;77.30;24.68;63;27.36;68;-73;Ok
12-3-2024;18:20:35;1.78;77.10;28.35;60;30.58;65;-73;Ok
12-3-2024;18:22:40;1.72;76.60;29.20;67;32.19;65;-73;Ok
12-3-2024;18:24:51;1.69;77.30;28.22;66;30.58;73;-73;Ok
12-3-2024;18:26:33;1.67;77.40;29.13;62;32.19;66;-72;Ok
12-3-2024;18:28:16;1.67;77.50;30.31;68;33.80;74;-72;Ok
12-3-2024;18:30:1;1.67;77.90;23.34;58;24.14;58;-73;Ok
12-3-2024;18:31:41;1.64;78.00;29.55;53;32.19;53;-75;Ok
12-3-2024;18:33:23;1.56;78.20;34.33;58;37.01;58;-73;Ok
12-3-2024;18:35:6;1.50;78.40;28.32;60;28.97;62;-73;Ok
12-3-2024;18:37:50;1.36;79.00;33.53;56;37.01;59;-73;Ok
12-3-2024;18:39:22;1.33;79.50;32.19;53;33.80;58;-73;Ok
12-3-2024;18:41:15;1.28;80.20;35.41;58;37.01;62;-73;Ok
12-3-2024;18:43:39;1.11;80.90;31.78;67;35.41;62;-72;Ok
12-3-2024;18:46:12;1.06;81.70;36.75;63;38.62;63;-72;Ok
12-3-2024;18:47:55;0.94;82.30;29.77;65;30.58;66;-71;Ok
12-3-2024;18:49:50;0.94;82.60;31.38;69;32.19;69;-71;Ok
12-3-2024;18:52:11;0.88;83.40;32.29;58;37.01;61;-71;Ok
12-3-2024;18:55:36;0.78;84.30;35.81;60;37.01;62;-71;Ok
12-3-2024;18:59:1;0.72;85.40;32.99;61;35.41;63;-73;Ok
12-3-2024;19:0:44;0.72;85.70;27.61;63;30.58;65;-72;Ok
12-3-2024;19:3:20;0.67;86.30;28.97;61;30.58;61;-73;Ok
12-3-2024;19:6:42;0.72;86.90;29.24;63;30.58;62;-73;Ok
12-3-2024;19:9:26;0.72;87.30;31.38;55;35.41;61;-72;Ok
12-3-2024;19:11:50;0.72;87.40;30.04;62;37.01;58;-71;Ok
12-3-2024;19:13:32;0.78;87.40;32.48;52;35.41;58;-71;Ok
12-3-2024;19:15:38;0.78;87.60;28.97;64;28.97;69;-71;Ok
12-3-2024;19:17:0;0.78;87.70;30.58;62;30.58;62;-71;Ok
12-3-2024;19:19:3;0.72;87.80;30.58;62;33.80;57;-71;Ok
12-3-2024;19:20:23;0.75;88.10;29.77;54;33.80;57;-72;Ok
12-3-2024;19:22:8;0.78;88.50;37.42;52;38.62;57;-71;Ok
12-3-2024;19:23:50;0.72;88.50;29.77;58;30.58;62;-71;Ok
12-3-2024;19:25:30;0.72;88.80;34.12;54;35.41;53;-71;Ok
12-3-2024;19:27:15;0.72;88.80;35.41;53;37.01;54;-71;Ok
12-3-2024;19:28:55;0.72;89.00;33.62;57;35.41;51;-71;Ok
12-3-2024;19:30:40;0.72;89.00;32.19;52;35.41;57;-71;Ok
12-3-2024;19:33:11;0.78;89.50;35.87;48;38.62;47;-71;Ok
12-3-2024;19:34:54;0.78;89.30;30.85;55;33.80;54;-71;Ok
12-3-2024;19:37:38;0.72;89.80;38.48;51;43.45;45;-71;Ok
12-3-2024;19:39:10;0.78;89.80;30.58;56;35.41;59;-70;Ok
12-3-2024;19:40:53;0.72;89.80;30.58;52;37.01;55;-70;Ok
12-3-2024;19:43:19;0.67;90.00;33.42;54;40.23;54;-70;Ok
12-3-2024;19:46:39;999.90;-1.00;35.41;70;35.41;70;-69;Ok
12-3-2024;19:50:14;0.67;-1.00;30.52;49;38.62;55;-68;Ok
12-3-2024;19:52:12;0.67;90.70;32.19;36;32.19;33;-68;Ok
12-3-2024;19:53:41;0.67;90.70;33.64;52;35.41;61;-66;Ok
12-3-2024;19:57:7;0.72;90.90;36.72;52;40.23;53;-66;Ok
12-3-2024;19:59:51;0.78;90.90;31.04;51;35.41;46;-63;Ok
12-3-2024;20:2:14;0.72;91.00;32.19;50;33.80;49;-65;Ok
12-3-2024;20:3:16;0.72;91.00;37.42;50;40.23;51;-63;Ok
12-3-2024;20:5:39;0.78;90.90;32.51;54;35.41;65;-63;Ok
12-3-2024;20:7:22;0.78;90.90;39.65;55;43.45;58;-62;Ok
12-3-2024;20:9:55;0.77;90.90;36.39;52;43.45;55;-61;Ok
12-3-2024;20:12:29;0.78;91.00;37.42;50;45.06;54;-64;Ok
12-3-2024;20:15:3;0.78;91.00;33.53;50;38.62;55;-61;Ok
12-3-2024;20:16:48;0.78;91.10;39.43;56;40.23;57;-62;Ok
12-3-2024;20:18:28;0.76;91.00;39.27;54;45.06;61;-61;Ok
12-3-2024;20:21:2;0.76;91.00;38.19;54;41.84;53;-62;Ok
12-3-2024;20:22:47;0.78;91.10;40.23;57;41.84;55;-61;Ok
12-3-2024;20:25:18;0.78;90.90;29.41;52;33.80;51;-65;Ok
12-3-2024;20:27:52;0.78;91.20;35.73;49;38.62;43;-64;Ok
12-3-2024;20:31:27;0.83;91.20;33.21;53;41.84;59;-63;Ok
12-3-2024;20:32:59;0.83;91.30;30.31;54;41.84;50;-65;Ok
12-3-2024;20:35:33;1.06;91.10;38.89;51;41.84;55;-66;Ok
12-3-2024;20:37:28;1.00;90.70;28.97;50;30.58;57;-67;Ok
12-3-2024;20:39:11;0.94;90.80;27.76;56;28.97;62;-67;Ok
12-3-2024;20:41:42;1.06;90.90;31.38;47;35.41;41;-66;Ok
12-3-2024;20:44:6;1.06;91.00;38.92;53;45.06;51;-67;Ok
12-3-2024;20:47:23;1.22;-1.00;28.84;54;37.01;62;-68;Ok
12-3-2024;20:48:35;1.22;91.00;28.97;55;28.97;54;-68;Ok
12-3-2024;20:50:7;1.28;90.80;26.55;50;27.36;51;-68;Ok
12-3-2024;20:53:29;1.37;91.00;38.46;50;43.45;57;-68;Ok
12-3-2024;20:55:12;1.50;90.70;33.80;55;35.41;58;-69;Ok
12-3-2024;20:56:57;1.50;90.70;39.43;56;40.23;58;-71;Ok
12-3-2024;20:59:28;1.56;90.40;37.01;52;38.62;53;-69;Ok
12-3-2024;21:1:11;1.50;90.00;33.80;51;38.62;49;-71;Ok
12-3-2024;21:3:55;1.33;90.40;30.58;53;32.19;54;-71;Ok
12-3-2024;21:5:27;1.39;90.50;33.80;56;35.41;53;-71;Ok
12-3-2024;21:8:52;1.44;90.40;34.18;50;38.62;59;-71;Ok
12-3-2024;21:12:17;1.56;90.20;34.97;52;40.23;58;-72;Ok
12-3-2024;21:14:53;1.56;90.20;32.19;54;32.19;54;-72;Ok
12-3-2024;21:17:25;1.56;90.40;34.60;54;37.01;57;-73;Ok
12-3-2024;21:19:21;1.67;90.70;35.41;43;37.01;41;-72;Ok
12-3-2024;21:20:50;1.67;90.50;35.05;51;41.84;58;-71;Ok
12-3-2024;21:22:32;1.67;90.70;37.28;50;40.23;58;-72;Ok
12-3-2024;21:25:6;1.69;90.60;36.73;46;40.23;46;-73;Ok
12-3-2024;21:26:48;1.78;90.90;41.84;52;46.67;54;-73;Ok
12-3-2024;21:29:22;1.78;90.70;36.10;42;40.23;43;-73;Ok
12-3-2024;21:31:56;1.89;90.90;38.01;44;46.67;59;-74;Ok
12-3-2024;21:33:38;2.00;90.90;39.97;52;43.45;58;-75;Ok
12-3-2024;21:35:23;2.00;90.70;34.60;49;35.41;53;-74;Ok
12-3-2024;21:38:5;2.06;90.90;37.19;43;41.84;46;-74;Ok
12-3-2024;21:40:39;2.06;90.60;38.45;43;41.84;45;-74;Ok
12-3-2024;21:42:11;2.06;90.80;41.57;50;45.06;49;-74;Ok
12-3-2024;21:44:6;2.11;91.00;37.82;42;38.62;37;-75;Ok
12-3-2024;21:45:36;2.20;91.30;37.13;43;41.84;34;-74;Ok
12-3-2024;21:48:10;2.22;91.40;45.46;43;51.50;47;-75;Ok
12-3-2024;21:51:17;2.22;91.40;42.99;47;45.06;39;-75;Ok
12-3-2024;21:55:7;2.20;-1.00;40.92;40;46.67;37;-76;Ok
12-3-2024;21:58:25;2.24;91.90;39.33;40;46.67;54;-76;Ok
12-3-2024;22:1:50;2.28;92.40;38.20;43;43.45;53;-76;Ok
12-3-2024;22:4:26;2.33;92.60;32.99;46;33.80;42;-76;Ok
12-3-2024;22:7:41;2.44;-1.00;29.29;41;30.58;46;-78;Ok
12-3-2024;22:9:31;2.56;92.80;29.86;34;32.19;37;-79;Ok
12-3-2024;22:12:5;2.54;92.60;26.63;31;30.58;34;-77;Ok
12-3-2024;22:13:50;2.56;93.00;33.47;29;35.41;27;-77;Ok
12-3-2024;22:15:32;2.50;93.00;34.87;32;37.01;47;-78;Ok
12-3-2024;22:16:21;2.50;93.10;33.57;23;37.01;21;-78;Ok
12-3-2024;22:18:55;2.44;93.10;30.58;23;33.80;33;-78;Ok
12-3-2024;22:21:24;2.44;-1.00;28.03;20;33.80;26;-79;Ok
12-3-2024;22:23:14;2.50;93.50;27.36;33;28.97;29;-78;Ok
12-3-2024;22:25:45;2.50;93.50;23.60;45;28.97;14;-78;Ok
12-3-2024;22:27:27;2.53;93.50;18.43;10;24.14;15;-75;Ok
12-3-2024;22:30:14;2.50;93.40;22.53;101;24.14;29;-74;Ok
12-3-2024;22:32:48;2.44;93.50;24.14;180;24.14;351;-79;Ok
12-3-2024;22:36:5;2.39;-1.00;22.17;232;25.75;351;-79;Ok
12-3-2024;22:37:45;2.39;93.80;27.36;180;30.58;351;-79;Ok
12-3-2024;22:39:38;2.44;93.90;30.58;339;32.19;340;-80;Ok
12-3-2024;22:42:22;2.44;93.90;25.57;337;32.19;337;-81;Ok
12-3-2024;22:44:35;2.44;93.90;26.96;347;28.97;338;-81;Ok
12-3-2024;22:46:15;2.39;93.90;20.78;309;24.14;332;-80;Ok
12-3-2024;22:48:8;2.39;94.10;23.17;341;27.36;340;-82;Ok
12-3-2024;22:49:40;2.44;94.10;23.96;294;28.97;332;-82;Ok
12-3-2024;22:51:25;2.50;94.20;24.54;334;27.36;332;-81;Ok
12-3-2024;22:54:40;2.61;-1.00;26.46;338;28.97;342;-82;Ok
12-3-2024;22:55:41;2.67;94.00;26.29;347;27.36;344;-81;Ok
12-3-2024;22:59:4;2.67;94.00;27.54;336;30.58;333;-83;Ok
12-3-2024;23:0:49;2.67;93.90;27.04;326;28.97;325;-80;Ok
12-3-2024;23:4:11;2.69;93.70;25.37;335;30.58;334;-80;Ok
12-3-2024;23:6:45;2.72;93.50;23.94;328;25.75;328;-81;Ok
12-3-2024;23:9:22;2.78;93.40;21.99;335;24.14;333;-80;Ok
12-3-2024;23:11:1;2.83;93.50;27.07;327;30.58;326;-80;Ok
12-3-2024;23:12:57;2.83;93.30;24.68;330;27.36;332;-79;Ok
12-3-2024;23:14:27;2.86;93.40;22.97;333;25.75;342;-80;Ok
12-3-2024;23:17:3;2.89;93.30;26.55;335;27.36;334;-79;Ok
12-3-2024;23:19:34;2.89;93.00;20.92;332;22.53;330;-79;Ok
12-3-2024;23:22:59;2.86;93.10;23.70;332;25.75;342;-80;Ok
12-3-2024;23:24:44;2.83;93.10;25.35;337;27.36;332;-79;Ok
12-3-2024;23:26:34;2.89;93.20;23.99;337;27.36;341;-79;Ok
12-3-2024;23:28:7;2.92;93.00;23.70;336;27.36;341;-80;Ok
12-3-2024;23:29:59;2.94;93.00;22.85;335;27.36;340;-79;Ok
12-3-2024;23:31:32;3.00;93.00;25.75;336;25.75;344;-79;Ok
12-3-2024;23:34:5;3.17;93.10;23.60;331;25.75;344;-78;Ok
12-3-2024;23:36:39;3.08;92.30;19.20;166;20.92;9;-80;Ok
12-3-2024;23:39:13;2.94;92.50;17.70;348;19.31;349;-79;Ok
12-3-2024;23:40:55;2.94;92.50;18.02;278;20.92;9;-80;Ok
12-3-2024;23:42:38;2.89;92.60;20.92;293;22.53;351;-80;Ok
12-3-2024;23:45:35;2.89;92.70;20.60;213;22.53;351;-80;Ok
12-3-2024;23:47:48;2.89;92.90;20.92;351;22.53;351;-79;Ok
12-3-2024;23:49:28;2.89;92.90;20.12;65;20.92;9;-79;Ok
12-3-2024;23:52:12;2.87;93.00;20.46;128;22.53;9;-79;Ok
12-3-2024;23:53:6;2.83;92.80;18.51;11;19.31;9;-80;Ok
12-3-2024;23:54:46;2.83;93.00;22.26;10;24.14;9;-79;Ok
12-3-2024;23:56:18;2.83;92.80;21.24;14;22.53;19;-80;Ok
12-3-2024;23:58:52;2.76;92.80;17.30;38;20.92;9;-79;Ok
12-3-2024;23:59:56;2.67;92.90;16.63;14;17.70;11;-79;Ok
